[2026-05-08 13:00:37] INFO     [logger_config] Database initialized: SQLITE
[2026-05-08 13:00:37] INFO     [logger_config] User(smoke_test) Action(ADD_BLOOD_STOCK) Resource(Hospital_1) Result(SUCCESS) Details(BloodType_O+, Qty_450ml, Expires_2026-06-19)
[2026-05-08 13:00:37] INFO     [logger_config] Blood stock added: O+ 450ml to Hospital 1
[2026-05-08 13:00:37] INFO     [logger_config] User(smoke_test) Action(CONSUME_BLOOD) Resource(BloodID_65) Result(SUCCESS) Details(BloodType_O+, Qty_100ml, Remaining_350ml)
[2026-05-08 13:00:37] INFO     [logger_config] Blood consumed: O+ 100ml from unit 65
[2026-05-08 13:03:14] INFO     [logger_config] Database initialized: SQLITE
[2026-05-08 13:03:14] INFO     [logger_config] User(smoke_test) Action(CREATE_STAFF) Resource(smoketest_130314) Result(SUCCESS)
[2026-05-08 13:03:14] INFO     [logger_config] Staff member added: smoketest_130314
[2026-05-08 13:03:14] INFO     [logger_config] User(smoke_test) Action(ADD_BLOOD_STOCK) Resource(Hospital_1) Result(SUCCESS) Details(BloodType_O+, Qty_450ml, Expires_2026-06-19)
[2026-05-08 13:03:14] INFO     [logger_config] Blood stock added: O+ 450ml to Hospital 1
[2026-05-08 13:03:14] INFO     [logger_config] User(smoke_test) Action(CONSUME_BLOOD) Resource(BloodID_66) Result(SUCCESS) Details(BloodType_O+, Qty_100ml, Remaining_350ml)
[2026-05-08 13:03:14] INFO     [logger_config] Blood consumed: O+ 100ml from unit 66
[2026-05-08 13:03:14] INFO     [logger_config] User(smoke_test_cleanup) Action(DELETE_STAFF) Resource(Staff_20) Result(SUCCESS)
[2026-05-08 13:03:14] INFO     [logger_config] Staff member deleted: 20
[2026-05-08 13:32:55] INFO     [logger_config] Database initialized: SQLITE
[2026-05-08 13:36:30] INFO     [logger_config] DB[SELECT] Table(Staff) AffectedRows(1) User(dr_abdullah)
[2026-05-08 13:36:31] INFO     [logger_config] DB[SELECT] Table(Staff) AffectedRows(1) User(dr_abdullah)
[2026-05-08 13:36:48] INFO     [logger_config] DB[SELECT] Table(Staff) AffectedRows(1) User(dr_abdullah)
[2026-05-08 14:50:18] ERROR    [logger_config] Failed to initialize database: PostgreSQL database URL not found. Set DB_URL in .env or Streamlit secrets.
[2026-05-08 15:33:22] INFO     [logger_config] Database initialized: POSTGRESQL
[2026-05-08 15:33:42] WARNING  [logger_config] AccessAttempt User(-) Resource(LoginAttempt) Status(DENIED)
[2026-05-08 15:33:56] INFO     [logger_config] DB[SELECT] Table(Staff) AffectedRows(1) User(asad_admin)
[2026-05-08 15:33:59] INFO     [logger_config] DB[SELECT] Table(Staff) AffectedRows(1) User(asad_admin)
[2026-05-08 15:34:00] INFO     [logger_config] DB[SELECT] Table(Staff) AffectedRows(1) User(asad_admin)
[2026-05-08 15:34:01] INFO     [logger_config] DB[SELECT] Table(Staff) AffectedRows(1) User(asad_admin)
[2026-05-08 15:34:02] INFO     [logger_config] DB[SELECT] Table(Staff) AffectedRows(1) User(asad_admin)
[2026-05-08 15:34:25] INFO     [logger_config] DB[SELECT] Table(Staff) AffectedRows(1) User(asad_admin)
[2026-05-08 15:36:36] INFO     [logger_config] Database initialized: POSTGRESQL
[2026-05-08 18:34:51] INFO     [logger_config] Database initialized: POSTGRESQL
[2026-05-08 18:36:16] INFO     [logger_config] Database initialized: POSTGRESQL
[2026-05-08 18:38:07] INFO     [logger_config] Database initialized: POSTGRESQL
[2026-05-08 18:40:34] INFO     [logger_config] Database initialized: POSTGRESQL
[2026-05-08 18:42:11] INFO     [logger_config] Database initialized: POSTGRESQL
[2026-05-08 18:42:32] INFO     [logger_config] Database initialized: POSTGRESQL
[2026-05-08 18:44:40] INFO     [logger_config] Database initialized: POSTGRESQL
[2026-05-08 18:46:29] INFO     [logger_config] Database initialized: POSTGRESQL
[2026-05-08 18:48:53] INFO     [logger_config] Database initialized: POSTGRESQL
[2026-05-08 18:51:06] INFO     [logger_config] Database initialized: POSTGRESQL
[2026-05-08 18:51:08] INFO     [logger_config] Applying SQL file: schema.sql (35 statements)
[2026-05-08 18:51:08] INFO     [logger_config] Executing SQL statement #1: -- ========================================== -- VITALFLOW: MASTER DATABASE SCHEMA -- ==========================================  -- 1. Roles CREATE TABLE IF NOT EXISTS Roles (     Role_ID SERIAL PRIMARY KEY,     Role_Name TEXT NOT NULL );
[2026-05-08 18:51:08] INFO     [logger_config] Executing SQL statement #2: -- 2. Hospitals CREATE TABLE IF NOT EXISTS Hospitals (     Hospital_ID SERIAL PRIMARY KEY,     Name TEXT NOT NULL,     Location TEXT NOT NULL,     Contact TEXT NOT NULL );
[2026-05-08 18:51:08] INFO     [logger_config] Executing SQL statement #3: -- 3. Staff (Users) CREATE TABLE IF NOT EXISTS Staff (     Staff_ID SERIAL PRIMARY KEY,     Username TEXT UNIQUE NOT NULL,     Password TEXT NOT NULL,     Role_ID INTEGER NOT NULL,     Hospital_ID INTEGER,     Created_At TIMESTAMP DEFAULT CURRENT_TIMESTAMP,     Created_By TEXT,     FOREIGN KEY (Role
[2026-05-08 18:51:09] INFO     [logger_config] Executing SQL statement #4: -- 4. Inventory Items (Global Catalog) CREATE TABLE IF NOT EXISTS Inventory_Items (     Item_ID SERIAL PRIMARY KEY,     Item_Name TEXT NOT NULL,     Category TEXT NOT NULL,     Unit_Type TEXT NOT NULL );
[2026-05-08 18:51:09] INFO     [logger_config] Executing SQL statement #5: -- 5. Hospital Inventory (Physical Stock) CREATE TABLE IF NOT EXISTS Hospital_Inventory (     Inventory_ID SERIAL PRIMARY KEY,     Hospital_ID INTEGER NOT NULL,     Item_ID INTEGER NOT NULL,     Quantity INTEGER NOT NULL CHECK (Quantity >= 0), -- 🚨 ENFORCED INTEGRITY: Prevents negative stock     Exp
[2026-05-08 18:51:09] INFO     [logger_config] Executing SQL statement #6: -- 6. Donors CREATE TABLE IF NOT EXISTS Donors (     Donor_ID SERIAL PRIMARY KEY,     Name TEXT NOT NULL,     Blood_Type TEXT NOT NULL CHECK(Blood_Type IN ('A+', 'A-', 'B+', 'B-', 'AB+', 'AB-', 'O+', 'O-')), -- 🚨 ENFORCED INTEGRITY: Standardizes medical inputs     Contact TEXT NOT NULL,     last_don
[2026-05-08 18:51:09] INFO     [logger_config] Executing SQL statement #7: -- 7. Blood Bank CREATE TABLE IF NOT EXISTS Blood_Bank (     blood_id SERIAL PRIMARY KEY,     hospital_id INTEGER NOT NULL,     blood_type TEXT NOT NULL CHECK(blood_type IN ('A+', 'A-', 'B+', 'B-', 'AB+', 'AB-', 'O+', 'O-')),     quantity_ml INTEGER NOT NULL CHECK(quantity_ml > 0),     received_date
[2026-05-08 18:51:09] INFO     [logger_config] Executing SQL statement #8: -- 8. Blood Donation Overrides CREATE TABLE IF NOT EXISTS Blood_Donations_Override (     override_id SERIAL PRIMARY KEY,     donor_id INTEGER NOT NULL,     staff_id INTEGER NOT NULL,     override_reason TEXT NOT NULL,     override_date TIMESTAMP DEFAULT CURRENT_TIMESTAMP,     FOREIGN KEY (donor_id) 
[2026-05-08 18:51:09] INFO     [logger_config] Executing SQL statement #9: -- 9. Donation Records CREATE TABLE IF NOT EXISTS Donation_Records (     Donation_ID SERIAL PRIMARY KEY,     Donor_ID INTEGER NOT NULL,     Hospital_ID INTEGER NOT NULL,     Date DATE NOT NULL,     Amount INTEGER NOT NULL CHECK (Amount > 0), -- 🚨 ENFORCED INTEGRITY: Prevents 0ml or negative donation
[2026-05-08 18:51:10] INFO     [logger_config] Executing SQL statement #10: -- 8. Transfer Requests CREATE TABLE IF NOT EXISTS Transfer_Requests (     Request_ID SERIAL PRIMARY KEY,     Origin_Hospital_ID INTEGER NOT NULL,     Dest_Hospital_ID INTEGER NOT NULL,     Item_ID INTEGER NOT NULL,     Quantity INTEGER NOT NULL CHECK (Quantity > 0),     CHECK (Origin_Hospital_ID !=
[2026-05-08 18:51:10] INFO     [logger_config] Executing SQL statement #11: -- 9. Transfer Status History CREATE TABLE IF NOT EXISTS Transfer_Status (     Status_ID SERIAL PRIMARY KEY,     Request_ID INTEGER,     Status TEXT NOT NULL CHECK(Status IN ('Pending', 'In Transit', 'Delivered', 'Cancelled')), -- 🚨 ENFORCED INTEGRITY: Strict logistics tracking     Timestamp TIMESTA
[2026-05-08 18:51:10] INFO     [logger_config] Executing SQL statement #12: -- 10. System Audit Logs CREATE TABLE IF NOT EXISTS Audit_Logs (     Log_ID SERIAL PRIMARY KEY,     Staff_ID TEXT,      Action TEXT NOT NULL,     Table_Affected TEXT,     Timestamp TIMESTAMP DEFAULT CURRENT_TIMESTAMP );
[2026-05-08 18:51:10] INFO     [logger_config] Executing SQL statement #13: -- ========================================== -- QUERY OPTIMIZATION: PERFORMANCE INDEXES -- ==========================================  -- Staff/Authentication lookups CREATE INDEX IF NOT EXISTS idx_staff_username ON Staff(Username);
[2026-05-08 18:51:10] INFO     [logger_config] Executing SQL statement #14: CREATE INDEX IF NOT EXISTS idx_staff_hospital ON Staff(Hospital_ID);
[2026-05-08 18:51:10] INFO     [logger_config] Executing SQL statement #15: CREATE INDEX IF NOT EXISTS idx_staff_role ON Staff(Role_ID);
[2026-05-08 18:51:10] INFO     [logger_config] Executing SQL statement #16: -- Audit Trail & Logging CREATE INDEX IF NOT EXISTS idx_audit_time ON Audit_Logs(Timestamp);
[2026-05-08 18:51:11] INFO     [logger_config] Executing SQL statement #17: CREATE INDEX IF NOT EXISTS idx_audit_staff ON Audit_Logs(Staff_ID);
[2026-05-08 18:51:11] INFO     [logger_config] Executing SQL statement #18: -- Transfer Management CREATE INDEX IF NOT EXISTS idx_transfer_req ON Transfer_Status(Request_ID);
[2026-05-08 18:51:11] INFO     [logger_config] Executing SQL statement #19: CREATE INDEX IF NOT EXISTS idx_transfer_status ON Transfer_Status(Status);
[2026-05-08 18:51:11] INFO     [logger_config] Executing SQL statement #20: CREATE INDEX IF NOT EXISTS idx_transfer_timestamp ON Transfer_Status(Timestamp);
[2026-05-08 18:51:11] INFO     [logger_config] Executing SQL statement #21: CREATE INDEX IF NOT EXISTS idx_transfer_origin ON Transfer_Requests(Origin_Hospital_ID);
[2026-05-08 18:51:11] INFO     [logger_config] Executing SQL statement #22: CREATE INDEX IF NOT EXISTS idx_transfer_dest ON Transfer_Requests(Dest_Hospital_ID);
[2026-05-08 18:51:11] INFO     [logger_config] Executing SQL statement #23: -- Hospital Inventory lookups CREATE INDEX IF NOT EXISTS idx_hosp_inventory ON Hospital_Inventory(Hospital_ID, Item_ID);
[2026-05-08 18:51:12] INFO     [logger_config] Executing SQL statement #24: CREATE INDEX IF NOT EXISTS idx_hosp_expiry ON Hospital_Inventory(Expiry_Date);
[2026-05-08 18:51:12] INFO     [logger_config] Executing SQL statement #25: CREATE INDEX IF NOT EXISTS idx_inventory_item ON Hospital_Inventory(Item_ID);
[2026-05-08 18:51:12] INFO     [logger_config] Executing SQL statement #26: -- Blood Bank CREATE INDEX IF NOT EXISTS idx_blood_hospital ON Blood_Bank(hospital_id);
[2026-05-08 18:51:12] INFO     [logger_config] Executing SQL statement #27: CREATE INDEX IF NOT EXISTS idx_blood_type ON Blood_Bank(blood_type);
[2026-05-08 18:51:12] INFO     [logger_config] Executing SQL statement #28: CREATE INDEX IF NOT EXISTS idx_blood_expiry ON Blood_Bank(expiry_date);
[2026-05-08 18:51:12] INFO     [logger_config] Executing SQL statement #29: CREATE INDEX IF NOT EXISTS idx_blood_status ON Blood_Bank(status);
[2026-05-08 18:51:12] INFO     [logger_config] Executing SQL statement #30: CREATE INDEX IF NOT EXISTS idx_blood_hosp_type ON Blood_Bank(hospital_id, blood_type);
[2026-05-08 18:51:13] INFO     [logger_config] Executing SQL statement #31: -- Donor & Donation Records CREATE INDEX IF NOT EXISTS idx_donation_donor ON Donation_Records(Donor_ID);
[2026-05-08 18:51:13] INFO     [logger_config] Executing SQL statement #32: CREATE INDEX IF NOT EXISTS idx_donation_hosp ON Donation_Records(Hospital_ID);
[2026-05-08 18:51:13] INFO     [logger_config] Executing SQL statement #33: CREATE INDEX IF NOT EXISTS idx_donation_date ON Donation_Records(Date);
[2026-05-08 18:51:13] INFO     [logger_config] Executing SQL statement #34: CREATE INDEX IF NOT EXISTS idx_donor_blood ON Donors(Blood_Type);
[2026-05-08 18:51:13] INFO     [logger_config] Skipping comment-only statement #35
[2026-05-08 18:51:13] INFO     [logger_config] Applying SQL file: blood_bank_setup.sql (12 statements)
[2026-05-08 18:51:13] INFO     [logger_config] Executing SQL statement #1: -- ========================================== -- BLOOD BANK MODULE SCHEMA EXTENSIONS -- Applied to support blood-specific inventory and donor eligibility -- ==========================================  -- 1. ADD COLUMN to Donors Table (backward compatible - nullable) -- This tracks last donation date
[2026-05-08 18:51:14] INFO     [logger_config] Executing SQL statement #2: -- 2. CREATE Blood_Bank Table (dedicated blood inventory) -- Separate from general inventory_items for specialized blood handling -- Enforces blood type validation and expiration tracking CREATE TABLE IF NOT EXISTS Blood_Bank (     blood_id SERIAL PRIMARY KEY,     hospital_id INTEGER NOT NULL,     b
[2026-05-08 18:51:14] INFO     [logger_config] Executing SQL statement #3: -- 3. CREATE Table for Emergency Overrides (audit trail) -- Logs all emergency donation eligibility overrides for compliance CREATE TABLE IF NOT EXISTS Blood_Donations_Override (     override_id SERIAL PRIMARY KEY,     donor_id INTEGER NOT NULL,     staff_id INTEGER NOT NULL,     override_reason TEX
[2026-05-08 18:51:14] INFO     [logger_config] Executing SQL statement #4: -- ========================================== -- PERFORMANCE INDEXES -- ==========================================  -- Blood Bank queries CREATE INDEX IF NOT EXISTS idx_blood_hospital ON Blood_Bank(hospital_id);
[2026-05-08 18:51:14] INFO     [logger_config] Executing SQL statement #5: CREATE INDEX IF NOT EXISTS idx_blood_type ON Blood_Bank(blood_type);
[2026-05-08 18:51:14] INFO     [logger_config] Executing SQL statement #6: CREATE INDEX IF NOT EXISTS idx_blood_expiry ON Blood_Bank(expiry_date);
[2026-05-08 18:51:14] INFO     [logger_config] Executing SQL statement #7: CREATE INDEX IF NOT EXISTS idx_blood_status ON Blood_Bank(status);
[2026-05-08 18:51:15] INFO     [logger_config] Executing SQL statement #8: CREATE INDEX IF NOT EXISTS idx_blood_hosp_type ON Blood_Bank(hospital_id, blood_type);
[2026-05-08 18:51:15] INFO     [logger_config] Executing SQL statement #9: -- Donor eligibility queries CREATE INDEX IF NOT EXISTS idx_donor_last_donation ON Donors(last_donation_date);
[2026-05-08 18:51:15] INFO     [logger_config] Executing SQL statement #10: -- Override audit trail CREATE INDEX IF NOT EXISTS idx_override_donor ON Blood_Donations_Override(donor_id);
[2026-05-08 18:51:15] INFO     [logger_config] Executing SQL statement #11: CREATE INDEX IF NOT EXISTS idx_override_staff ON Blood_Donations_Override(staff_id);
[2026-05-08 18:51:15] INFO     [logger_config] Executing SQL statement #12: CREATE INDEX IF NOT EXISTS idx_override_date ON Blood_Donations_Override(override_date);
[2026-05-08 18:51:41] INFO     [logger_config] Database initialized: POSTGRESQL
[2026-05-08 18:51:43] INFO     [logger_config] Applying SQL file: schema.sql (35 statements)
[2026-05-08 18:51:43] INFO     [logger_config] Executing SQL statement #1: -- ========================================== -- VITALFLOW: MASTER DATABASE SCHEMA -- ==========================================  -- 1. Roles CREATE TABLE IF NOT EXISTS Roles (     Role_ID SERIAL PRIMARY KEY,     Role_Name TEXT NOT NULL );
[2026-05-08 18:51:44] INFO     [logger_config] Executing SQL statement #2: -- 2. Hospitals CREATE TABLE IF NOT EXISTS Hospitals (     Hospital_ID SERIAL PRIMARY KEY,     Name TEXT NOT NULL,     Location TEXT NOT NULL,     Contact TEXT NOT NULL );
[2026-05-08 18:51:44] INFO     [logger_config] Executing SQL statement #3: -- 3. Staff (Users) CREATE TABLE IF NOT EXISTS Staff (     Staff_ID SERIAL PRIMARY KEY,     Username TEXT UNIQUE NOT NULL,     Password TEXT NOT NULL,     Role_ID INTEGER NOT NULL,     Hospital_ID INTEGER,     Created_At TIMESTAMP DEFAULT CURRENT_TIMESTAMP,     Created_By TEXT,     FOREIGN KEY (Role
[2026-05-08 18:51:44] INFO     [logger_config] Executing SQL statement #4: -- 4. Inventory Items (Global Catalog) CREATE TABLE IF NOT EXISTS Inventory_Items (     Item_ID SERIAL PRIMARY KEY,     Item_Name TEXT NOT NULL,     Category TEXT NOT NULL,     Unit_Type TEXT NOT NULL );
[2026-05-08 18:51:44] INFO     [logger_config] Executing SQL statement #5: -- 5. Hospital Inventory (Physical Stock) CREATE TABLE IF NOT EXISTS Hospital_Inventory (     Inventory_ID SERIAL PRIMARY KEY,     Hospital_ID INTEGER NOT NULL,     Item_ID INTEGER NOT NULL,     Quantity INTEGER NOT NULL CHECK (Quantity >= 0), -- 🚨 ENFORCED INTEGRITY: Prevents negative stock     Exp
[2026-05-08 18:51:44] INFO     [logger_config] Executing SQL statement #6: -- 6. Donors CREATE TABLE IF NOT EXISTS Donors (     Donor_ID SERIAL PRIMARY KEY,     Name TEXT NOT NULL,     Blood_Type TEXT NOT NULL CHECK(Blood_Type IN ('A+', 'A-', 'B+', 'B-', 'AB+', 'AB-', 'O+', 'O-')), -- 🚨 ENFORCED INTEGRITY: Standardizes medical inputs     Contact TEXT NOT NULL,     last_don
[2026-05-08 18:51:44] INFO     [logger_config] Executing SQL statement #7: -- 7. Blood Bank CREATE TABLE IF NOT EXISTS Blood_Bank (     blood_id SERIAL PRIMARY KEY,     hospital_id INTEGER NOT NULL,     blood_type TEXT NOT NULL CHECK(blood_type IN ('A+', 'A-', 'B+', 'B-', 'AB+', 'AB-', 'O+', 'O-')),     quantity_ml INTEGER NOT NULL CHECK(quantity_ml > 0),     received_date
[2026-05-08 18:51:45] INFO     [logger_config] Executing SQL statement #8: -- 8. Blood Donation Overrides CREATE TABLE IF NOT EXISTS Blood_Donations_Override (     override_id SERIAL PRIMARY KEY,     donor_id INTEGER NOT NULL,     staff_id INTEGER NOT NULL,     override_reason TEXT NOT NULL,     override_date TIMESTAMP DEFAULT CURRENT_TIMESTAMP,     FOREIGN KEY (donor_id) 
[2026-05-08 18:51:45] INFO     [logger_config] Executing SQL statement #9: -- 9. Donation Records CREATE TABLE IF NOT EXISTS Donation_Records (     Donation_ID SERIAL PRIMARY KEY,     Donor_ID INTEGER NOT NULL,     Hospital_ID INTEGER NOT NULL,     Date DATE NOT NULL,     Amount INTEGER NOT NULL CHECK (Amount > 0), -- 🚨 ENFORCED INTEGRITY: Prevents 0ml or negative donation
[2026-05-08 18:51:45] INFO     [logger_config] Executing SQL statement #10: -- 8. Transfer Requests CREATE TABLE IF NOT EXISTS Transfer_Requests (     Request_ID SERIAL PRIMARY KEY,     Origin_Hospital_ID INTEGER NOT NULL,     Dest_Hospital_ID INTEGER NOT NULL,     Item_ID INTEGER NOT NULL,     Quantity INTEGER NOT NULL CHECK (Quantity > 0),     CHECK (Origin_Hospital_ID !=
[2026-05-08 18:51:45] INFO     [logger_config] Executing SQL statement #11: -- 9. Transfer Status History CREATE TABLE IF NOT EXISTS Transfer_Status (     Status_ID SERIAL PRIMARY KEY,     Request_ID INTEGER,     Status TEXT NOT NULL CHECK(Status IN ('Pending', 'In Transit', 'Delivered', 'Cancelled')), -- 🚨 ENFORCED INTEGRITY: Strict logistics tracking     Timestamp TIMESTA
[2026-05-08 18:51:45] INFO     [logger_config] Executing SQL statement #12: -- 10. System Audit Logs CREATE TABLE IF NOT EXISTS Audit_Logs (     Log_ID SERIAL PRIMARY KEY,     Staff_ID TEXT,      Action TEXT NOT NULL,     Table_Affected TEXT,     Timestamp TIMESTAMP DEFAULT CURRENT_TIMESTAMP );
[2026-05-08 18:51:45] INFO     [logger_config] Executing SQL statement #13: -- ========================================== -- QUERY OPTIMIZATION: PERFORMANCE INDEXES -- ==========================================  -- Staff/Authentication lookups CREATE INDEX IF NOT EXISTS idx_staff_username ON Staff(Username);
[2026-05-08 18:51:45] INFO     [logger_config] Executing SQL statement #14: CREATE INDEX IF NOT EXISTS idx_staff_hospital ON Staff(Hospital_ID);
[2026-05-08 18:51:46] INFO     [logger_config] Executing SQL statement #15: CREATE INDEX IF NOT EXISTS idx_staff_role ON Staff(Role_ID);
[2026-05-08 18:51:46] INFO     [logger_config] Executing SQL statement #16: -- Audit Trail & Logging CREATE INDEX IF NOT EXISTS idx_audit_time ON Audit_Logs(Timestamp);
[2026-05-08 18:51:46] INFO     [logger_config] Executing SQL statement #17: CREATE INDEX IF NOT EXISTS idx_audit_staff ON Audit_Logs(Staff_ID);
[2026-05-08 18:51:46] INFO     [logger_config] Executing SQL statement #18: -- Transfer Management CREATE INDEX IF NOT EXISTS idx_transfer_req ON Transfer_Status(Request_ID);
[2026-05-08 18:51:46] INFO     [logger_config] Executing SQL statement #19: CREATE INDEX IF NOT EXISTS idx_transfer_status ON Transfer_Status(Status);
[2026-05-08 18:51:46] INFO     [logger_config] Executing SQL statement #20: CREATE INDEX IF NOT EXISTS idx_transfer_timestamp ON Transfer_Status(Timestamp);
[2026-05-08 18:51:46] INFO     [logger_config] Executing SQL statement #21: CREATE INDEX IF NOT EXISTS idx_transfer_origin ON Transfer_Requests(Origin_Hospital_ID);
[2026-05-08 18:51:47] INFO     [logger_config] Executing SQL statement #22: CREATE INDEX IF NOT EXISTS idx_transfer_dest ON Transfer_Requests(Dest_Hospital_ID);
[2026-05-08 18:51:47] INFO     [logger_config] Executing SQL statement #23: -- Hospital Inventory lookups CREATE INDEX IF NOT EXISTS idx_hosp_inventory ON Hospital_Inventory(Hospital_ID, Item_ID);
[2026-05-08 18:51:47] INFO     [logger_config] Executing SQL statement #24: CREATE INDEX IF NOT EXISTS idx_hosp_expiry ON Hospital_Inventory(Expiry_Date);
[2026-05-08 18:51:47] INFO     [logger_config] Executing SQL statement #25: CREATE INDEX IF NOT EXISTS idx_inventory_item ON Hospital_Inventory(Item_ID);
[2026-05-08 18:51:47] INFO     [logger_config] Executing SQL statement #26: -- Blood Bank CREATE INDEX IF NOT EXISTS idx_blood_hospital ON Blood_Bank(hospital_id);
[2026-05-08 18:51:47] INFO     [logger_config] Executing SQL statement #27: CREATE INDEX IF NOT EXISTS idx_blood_type ON Blood_Bank(blood_type);
[2026-05-08 18:51:47] INFO     [logger_config] Executing SQL statement #28: CREATE INDEX IF NOT EXISTS idx_blood_expiry ON Blood_Bank(expiry_date);
[2026-05-08 18:51:48] INFO     [logger_config] Executing SQL statement #29: CREATE INDEX IF NOT EXISTS idx_blood_status ON Blood_Bank(status);
[2026-05-08 18:51:48] INFO     [logger_config] Executing SQL statement #30: CREATE INDEX IF NOT EXISTS idx_blood_hosp_type ON Blood_Bank(hospital_id, blood_type);
[2026-05-08 18:51:48] INFO     [logger_config] Executing SQL statement #31: -- Donor & Donation Records CREATE INDEX IF NOT EXISTS idx_donation_donor ON Donation_Records(Donor_ID);
[2026-05-08 18:51:48] INFO     [logger_config] Executing SQL statement #32: CREATE INDEX IF NOT EXISTS idx_donation_hosp ON Donation_Records(Hospital_ID);
[2026-05-08 18:51:48] INFO     [logger_config] Executing SQL statement #33: CREATE INDEX IF NOT EXISTS idx_donation_date ON Donation_Records(Date);
[2026-05-08 18:51:48] INFO     [logger_config] Executing SQL statement #34: CREATE INDEX IF NOT EXISTS idx_donor_blood ON Donors(Blood_Type);
[2026-05-08 18:51:48] INFO     [logger_config] Skipping comment-only statement #35
[2026-05-08 18:51:49] INFO     [logger_config] Applying SQL file: blood_bank_setup.sql (12 statements)
[2026-05-08 18:51:49] INFO     [logger_config] Executing SQL statement #1: -- ========================================== -- BLOOD BANK MODULE SCHEMA EXTENSIONS -- Applied to support blood-specific inventory and donor eligibility -- ==========================================  -- 1. ADD COLUMN to Donors Table (backward compatible - nullable) -- This tracks last donation date
[2026-05-08 18:51:49] INFO     [logger_config] Executing SQL statement #2: -- 2. CREATE Blood_Bank Table (dedicated blood inventory) -- Separate from general inventory_items for specialized blood handling -- Enforces blood type validation and expiration tracking CREATE TABLE IF NOT EXISTS Blood_Bank (     blood_id SERIAL PRIMARY KEY,     hospital_id INTEGER NOT NULL,     b
[2026-05-08 18:51:49] INFO     [logger_config] Executing SQL statement #3: -- 3. CREATE Table for Emergency Overrides (audit trail) -- Logs all emergency donation eligibility overrides for compliance CREATE TABLE IF NOT EXISTS Blood_Donations_Override (     override_id SERIAL PRIMARY KEY,     donor_id INTEGER NOT NULL,     staff_id INTEGER NOT NULL,     override_reason TEX
[2026-05-08 18:51:49] INFO     [logger_config] Executing SQL statement #4: -- ========================================== -- PERFORMANCE INDEXES -- ==========================================  -- Blood Bank queries CREATE INDEX IF NOT EXISTS idx_blood_hospital ON Blood_Bank(hospital_id);
[2026-05-08 18:51:49] INFO     [logger_config] Executing SQL statement #5: CREATE INDEX IF NOT EXISTS idx_blood_type ON Blood_Bank(blood_type);
[2026-05-08 18:51:50] INFO     [logger_config] Executing SQL statement #6: CREATE INDEX IF NOT EXISTS idx_blood_expiry ON Blood_Bank(expiry_date);
[2026-05-08 18:51:50] INFO     [logger_config] Executing SQL statement #7: CREATE INDEX IF NOT EXISTS idx_blood_status ON Blood_Bank(status);
[2026-05-08 18:51:50] INFO     [logger_config] Executing SQL statement #8: CREATE INDEX IF NOT EXISTS idx_blood_hosp_type ON Blood_Bank(hospital_id, blood_type);
[2026-05-08 18:51:50] INFO     [logger_config] Executing SQL statement #9: -- Donor eligibility queries CREATE INDEX IF NOT EXISTS idx_donor_last_donation ON Donors(last_donation_date);
[2026-05-08 18:51:50] INFO     [logger_config] Executing SQL statement #10: -- Override audit trail CREATE INDEX IF NOT EXISTS idx_override_donor ON Blood_Donations_Override(donor_id);
[2026-05-08 18:51:50] INFO     [logger_config] Executing SQL statement #11: CREATE INDEX IF NOT EXISTS idx_override_staff ON Blood_Donations_Override(staff_id);
[2026-05-08 18:51:50] INFO     [logger_config] Executing SQL statement #12: CREATE INDEX IF NOT EXISTS idx_override_date ON Blood_Donations_Override(override_date);
[2026-05-08 18:53:29] INFO     [logger_config] Database initialized: POSTGRESQL
[2026-05-08 18:53:31] INFO     [logger_config] Applying SQL file: schema.sql (35 statements)
[2026-05-09 10:25:28] INFO     [logger_config] Database initialized: POSTGRESQL
[2026-05-09 10:25:30] INFO     [logger_config] Applying SQL file: schema.sql (35 statements)
[2026-05-09 10:26:58] INFO     [logger_config] Database initialized: POSTGRESQL
[2026-05-09 10:27:00] INFO     [logger_config] Applying SQL file: schema.sql (35 statements)
[2026-05-09 10:27:00] INFO     [logger_config] Existing public tables before schema.sql: ['audit_logs', 'donation_records', 'donors', 'hospital_inventory', 'hospitals', 'inventory_items', 'roles', 'staff', 'transfer_requests', 'transfer_status']
[2026-05-09 10:27:00] INFO     [logger_config] Executing SQL statement #1: -- ========================================== -- VITALFLOW: MASTER DATABASE SCHEMA -- ==========================================  -- 1. Roles CREATE TABLE IF NOT EXISTS Roles (     Role_ID SERIAL PRIMARY KEY,     Role_Name TEXT NOT NULL );
[2026-05-09 10:27:01] INFO     [logger_config] Executing SQL statement #2: -- 2. Hospitals CREATE TABLE IF NOT EXISTS Hospitals (     Hospital_ID SERIAL PRIMARY KEY,     Name TEXT NOT NULL,     Location TEXT NOT NULL,     Contact TEXT NOT NULL );
[2026-05-09 10:27:01] INFO     [logger_config] Executing SQL statement #3: -- 3. Staff (Users) CREATE TABLE IF NOT EXISTS Staff (     Staff_ID SERIAL PRIMARY KEY,     Username TEXT UNIQUE NOT NULL,     Password TEXT NOT NULL,     Role_ID INTEGER NOT NULL,     Hospital_ID INTEGER,     Created_At TIMESTAMP DEFAULT CURRENT_TIMESTAMP,     Created_By TEXT,     FOREIGN KEY (Role
[2026-05-09 10:27:01] INFO     [logger_config] Executing SQL statement #4: -- 4. Inventory Items (Global Catalog) CREATE TABLE IF NOT EXISTS Inventory_Items (     Item_ID SERIAL PRIMARY KEY,     Item_Name TEXT NOT NULL,     Category TEXT NOT NULL,     Unit_Type TEXT NOT NULL );
[2026-05-09 10:27:01] INFO     [logger_config] Executing SQL statement #5: -- 5. Hospital Inventory (Physical Stock) CREATE TABLE IF NOT EXISTS Hospital_Inventory (     Inventory_ID SERIAL PRIMARY KEY,     Hospital_ID INTEGER NOT NULL,     Item_ID INTEGER NOT NULL,     Quantity INTEGER NOT NULL CHECK (Quantity >= 0), -- 🚨 ENFORCED INTEGRITY: Prevents negative stock     Exp
[2026-05-09 10:27:01] INFO     [logger_config] Executing SQL statement #6: -- 6. Donors CREATE TABLE IF NOT EXISTS Donors (     Donor_ID SERIAL PRIMARY KEY,     Name TEXT NOT NULL,     Blood_Type TEXT NOT NULL CHECK(Blood_Type IN ('A+', 'A-', 'B+', 'B-', 'AB+', 'AB-', 'O+', 'O-')), -- 🚨 ENFORCED INTEGRITY: Standardizes medical inputs     Contact TEXT NOT NULL,     last_don
[2026-05-09 10:27:01] INFO     [logger_config] Executing SQL statement #7: -- 7. Blood Bank CREATE TABLE IF NOT EXISTS Blood_Bank (     blood_id SERIAL PRIMARY KEY,     hospital_id INTEGER NOT NULL,     blood_type TEXT NOT NULL CHECK(blood_type IN ('A+', 'A-', 'B+', 'B-', 'AB+', 'AB-', 'O+', 'O-')),     quantity_ml INTEGER NOT NULL CHECK(quantity_ml > 0),     received_date
[2026-05-09 10:27:02] INFO     [logger_config] Executing SQL statement #8: -- 8. Blood Donation Overrides CREATE TABLE IF NOT EXISTS Blood_Donations_Override (     override_id SERIAL PRIMARY KEY,     donor_id INTEGER NOT NULL,     staff_id INTEGER NOT NULL,     override_reason TEXT NOT NULL,     override_date TIMESTAMP DEFAULT CURRENT_TIMESTAMP,     FOREIGN KEY (donor_id) 
[2026-05-09 10:27:02] INFO     [logger_config] Executing SQL statement #9: -- 9. Donation Records CREATE TABLE IF NOT EXISTS Donation_Records (     Donation_ID SERIAL PRIMARY KEY,     Donor_ID INTEGER NOT NULL,     Hospital_ID INTEGER NOT NULL,     Date DATE NOT NULL,     Amount INTEGER NOT NULL CHECK (Amount > 0), -- 🚨 ENFORCED INTEGRITY: Prevents 0ml or negative donation
[2026-05-09 10:27:02] INFO     [logger_config] Executing SQL statement #10: -- 8. Transfer Requests CREATE TABLE IF NOT EXISTS Transfer_Requests (     Request_ID SERIAL PRIMARY KEY,     Origin_Hospital_ID INTEGER NOT NULL,     Dest_Hospital_ID INTEGER NOT NULL,     Item_ID INTEGER NOT NULL,     Quantity INTEGER NOT NULL CHECK (Quantity > 0),     CHECK (Origin_Hospital_ID !=
[2026-05-09 10:27:02] INFO     [logger_config] Executing SQL statement #11: -- 9. Transfer Status History CREATE TABLE IF NOT EXISTS Transfer_Status (     Status_ID SERIAL PRIMARY KEY,     Request_ID INTEGER,     Status TEXT NOT NULL CHECK(Status IN ('Pending', 'In Transit', 'Delivered', 'Cancelled')), -- 🚨 ENFORCED INTEGRITY: Strict logistics tracking     Timestamp TIMESTA
[2026-05-09 10:27:02] INFO     [logger_config] Executing SQL statement #12: -- 10. System Audit Logs CREATE TABLE IF NOT EXISTS Audit_Logs (     Log_ID SERIAL PRIMARY KEY,     Staff_ID TEXT,      Action TEXT NOT NULL,     Table_Affected TEXT,     Timestamp TIMESTAMP DEFAULT CURRENT_TIMESTAMP );
[2026-05-09 10:27:02] INFO     [logger_config] Executing SQL statement #13: -- ========================================== -- QUERY OPTIMIZATION: PERFORMANCE INDEXES -- ==========================================  -- Staff/Authentication lookups CREATE INDEX IF NOT EXISTS idx_staff_username ON Staff(Username);
[2026-05-09 10:27:03] INFO     [logger_config] Executing SQL statement #14: CREATE INDEX IF NOT EXISTS idx_staff_hospital ON Staff(Hospital_ID);
[2026-05-09 10:27:03] INFO     [logger_config] Executing SQL statement #15: CREATE INDEX IF NOT EXISTS idx_staff_role ON Staff(Role_ID);
[2026-05-09 10:27:03] INFO     [logger_config] Executing SQL statement #16: -- Audit Trail & Logging CREATE INDEX IF NOT EXISTS idx_audit_time ON Audit_Logs(Timestamp);
[2026-05-09 10:27:03] INFO     [logger_config] Executing SQL statement #17: CREATE INDEX IF NOT EXISTS idx_audit_staff ON Audit_Logs(Staff_ID);
[2026-05-09 10:27:03] INFO     [logger_config] Executing SQL statement #18: -- Transfer Management CREATE INDEX IF NOT EXISTS idx_transfer_req ON Transfer_Status(Request_ID);
[2026-05-09 10:27:03] INFO     [logger_config] Executing SQL statement #19: CREATE INDEX IF NOT EXISTS idx_transfer_status ON Transfer_Status(Status);
[2026-05-09 10:27:03] INFO     [logger_config] Executing SQL statement #20: CREATE INDEX IF NOT EXISTS idx_transfer_timestamp ON Transfer_Status(Timestamp);
[2026-05-09 10:27:04] INFO     [logger_config] Executing SQL statement #21: CREATE INDEX IF NOT EXISTS idx_transfer_origin ON Transfer_Requests(Origin_Hospital_ID);
[2026-05-09 10:27:04] INFO     [logger_config] Executing SQL statement #22: CREATE INDEX IF NOT EXISTS idx_transfer_dest ON Transfer_Requests(Dest_Hospital_ID);
[2026-05-09 10:27:04] INFO     [logger_config] Executing SQL statement #23: -- Hospital Inventory lookups CREATE INDEX IF NOT EXISTS idx_hosp_inventory ON Hospital_Inventory(Hospital_ID, Item_ID);
[2026-05-09 10:27:04] INFO     [logger_config] Executing SQL statement #24: CREATE INDEX IF NOT EXISTS idx_hosp_expiry ON Hospital_Inventory(Expiry_Date);
[2026-05-09 10:27:04] INFO     [logger_config] Executing SQL statement #25: CREATE INDEX IF NOT EXISTS idx_inventory_item ON Hospital_Inventory(Item_ID);
[2026-05-09 10:27:04] INFO     [logger_config] Executing SQL statement #26: -- Blood Bank CREATE INDEX IF NOT EXISTS idx_blood_hospital ON Blood_Bank(hospital_id);
[2026-05-09 10:27:05] INFO     [logger_config] Executing SQL statement #27: CREATE INDEX IF NOT EXISTS idx_blood_type ON Blood_Bank(blood_type);
[2026-05-09 10:27:05] INFO     [logger_config] Executing SQL statement #28: CREATE INDEX IF NOT EXISTS idx_blood_expiry ON Blood_Bank(expiry_date);
[2026-05-09 10:27:05] INFO     [logger_config] Executing SQL statement #29: CREATE INDEX IF NOT EXISTS idx_blood_status ON Blood_Bank(status);
[2026-05-09 10:27:05] INFO     [logger_config] Executing SQL statement #30: CREATE INDEX IF NOT EXISTS idx_blood_hosp_type ON Blood_Bank(hospital_id, blood_type);
[2026-05-09 10:27:05] INFO     [logger_config] Executing SQL statement #31: -- Donor & Donation Records CREATE INDEX IF NOT EXISTS idx_donation_donor ON Donation_Records(Donor_ID);
[2026-05-09 10:27:05] INFO     [logger_config] Executing SQL statement #32: CREATE INDEX IF NOT EXISTS idx_donation_hosp ON Donation_Records(Hospital_ID);
[2026-05-09 10:27:06] INFO     [logger_config] Executing SQL statement #33: CREATE INDEX IF NOT EXISTS idx_donation_date ON Donation_Records(Date);
[2026-05-09 10:27:06] INFO     [logger_config] Executing SQL statement #34: CREATE INDEX IF NOT EXISTS idx_donor_blood ON Donors(Blood_Type);
[2026-05-09 10:27:06] INFO     [logger_config] Skipping comment-only statement #35
[2026-05-09 10:27:06] INFO     [logger_config] Existing public tables after schema.sql: ['audit_logs', 'blood_bank', 'blood_donations_override', 'donation_records', 'donors', 'hospital_inventory', 'hospitals', 'inventory_items', 'roles', 'staff', 'transfer_requests', 'transfer_status']
[2026-05-09 10:27:06] INFO     [logger_config] Applying SQL file: blood_bank_setup.sql (12 statements)
[2026-05-09 10:27:07] INFO     [logger_config] Existing public tables before blood_bank_setup.sql: ['audit_logs', 'donation_records', 'donors', 'hospital_inventory', 'hospitals', 'inventory_items', 'roles', 'staff', 'transfer_requests', 'transfer_status']
[2026-05-09 10:27:07] INFO     [logger_config] Executing SQL statement #1: -- ========================================== -- BLOOD BANK MODULE SCHEMA EXTENSIONS -- Applied to support blood-specific inventory and donor eligibility -- ==========================================  -- 1. ADD COLUMN to Donors Table (backward compatible - nullable) -- This tracks last donation date
[2026-05-09 10:27:07] INFO     [logger_config] Executing SQL statement #2: -- 2. CREATE Blood_Bank Table (dedicated blood inventory) -- Separate from general inventory_items for specialized blood handling -- Enforces blood type validation and expiration tracking CREATE TABLE IF NOT EXISTS Blood_Bank (     blood_id SERIAL PRIMARY KEY,     hospital_id INTEGER NOT NULL,     b
[2026-05-09 10:27:07] INFO     [logger_config] Executing SQL statement #3: -- 3. CREATE Table for Emergency Overrides (audit trail) -- Logs all emergency donation eligibility overrides for compliance CREATE TABLE IF NOT EXISTS Blood_Donations_Override (     override_id SERIAL PRIMARY KEY,     donor_id INTEGER NOT NULL,     staff_id INTEGER NOT NULL,     override_reason TEX
[2026-05-09 10:27:07] INFO     [logger_config] Executing SQL statement #4: -- ========================================== -- PERFORMANCE INDEXES -- ==========================================  -- Blood Bank queries CREATE INDEX IF NOT EXISTS idx_blood_hospital ON Blood_Bank(hospital_id);
[2026-05-09 10:27:07] INFO     [logger_config] Executing SQL statement #5: CREATE INDEX IF NOT EXISTS idx_blood_type ON Blood_Bank(blood_type);
[2026-05-09 10:27:08] INFO     [logger_config] Executing SQL statement #6: CREATE INDEX IF NOT EXISTS idx_blood_expiry ON Blood_Bank(expiry_date);
[2026-05-09 10:27:08] INFO     [logger_config] Executing SQL statement #7: CREATE INDEX IF NOT EXISTS idx_blood_status ON Blood_Bank(status);
[2026-05-09 10:27:08] INFO     [logger_config] Executing SQL statement #8: CREATE INDEX IF NOT EXISTS idx_blood_hosp_type ON Blood_Bank(hospital_id, blood_type);
[2026-05-09 10:27:08] INFO     [logger_config] Executing SQL statement #9: -- Donor eligibility queries CREATE INDEX IF NOT EXISTS idx_donor_last_donation ON Donors(last_donation_date);
[2026-05-09 10:27:08] INFO     [logger_config] Executing SQL statement #10: -- Override audit trail CREATE INDEX IF NOT EXISTS idx_override_donor ON Blood_Donations_Override(donor_id);
[2026-05-09 10:27:08] INFO     [logger_config] Executing SQL statement #11: CREATE INDEX IF NOT EXISTS idx_override_staff ON Blood_Donations_Override(staff_id);
[2026-05-09 10:27:08] INFO     [logger_config] Executing SQL statement #12: CREATE INDEX IF NOT EXISTS idx_override_date ON Blood_Donations_Override(override_date);
[2026-05-09 10:27:09] INFO     [logger_config] Existing public tables after blood_bank_setup.sql: ['audit_logs', 'blood_bank', 'blood_donations_override', 'donation_records', 'donors', 'hospital_inventory', 'hospitals', 'inventory_items', 'roles', 'staff', 'transfer_requests', 'transfer_status']
[2026-05-09 10:27:09] INFO     [logger_config] Existing public tables at verify: ['audit_logs', 'donation_records', 'donors', 'hospital_inventory', 'hospitals', 'inventory_items', 'roles', 'staff', 'transfer_requests', 'transfer_status']
[2026-05-09 10:30:37] INFO     [logger_config] Database initialized: POSTGRESQL
[2026-05-09 10:30:39] INFO     [logger_config] Applying SQL file: schema.sql (35 statements)
[2026-05-09 10:30:40] INFO     [logger_config] Existing public tables before schema.sql: ['audit_logs', 'donation_records', 'donors', 'hospital_inventory', 'hospitals', 'inventory_items', 'roles', 'staff', 'transfer_requests', 'transfer_status']
[2026-05-09 10:30:40] INFO     [logger_config] Executing SQL statement #1: -- ========================================== -- VITALFLOW: MASTER DATABASE SCHEMA -- ==========================================  -- 1. Roles CREATE TABLE IF NOT EXISTS Roles (     Role_ID SERIAL PRIMARY KEY,     Role_Name TEXT NOT NULL );
[2026-05-09 10:30:40] INFO     [logger_config] Executing SQL statement #2: -- 2. Hospitals CREATE TABLE IF NOT EXISTS Hospitals (     Hospital_ID SERIAL PRIMARY KEY,     Name TEXT NOT NULL,     Location TEXT NOT NULL,     Contact TEXT NOT NULL );
[2026-05-09 10:30:40] INFO     [logger_config] Executing SQL statement #3: -- 3. Staff (Users) CREATE TABLE IF NOT EXISTS Staff (     Staff_ID SERIAL PRIMARY KEY,     Username TEXT UNIQUE NOT NULL,     Password TEXT NOT NULL,     Role_ID INTEGER NOT NULL,     Hospital_ID INTEGER,     Created_At TIMESTAMP DEFAULT CURRENT_TIMESTAMP,     Created_By TEXT,     FOREIGN KEY (Role
[2026-05-09 10:30:40] INFO     [logger_config] Executing SQL statement #4: -- 4. Inventory Items (Global Catalog) CREATE TABLE IF NOT EXISTS Inventory_Items (     Item_ID SERIAL PRIMARY KEY,     Item_Name TEXT NOT NULL,     Category TEXT NOT NULL,     Unit_Type TEXT NOT NULL );
[2026-05-09 10:30:40] INFO     [logger_config] Executing SQL statement #5: -- 5. Hospital Inventory (Physical Stock) CREATE TABLE IF NOT EXISTS Hospital_Inventory (     Inventory_ID SERIAL PRIMARY KEY,     Hospital_ID INTEGER NOT NULL,     Item_ID INTEGER NOT NULL,     Quantity INTEGER NOT NULL CHECK (Quantity >= 0), -- 🚨 ENFORCED INTEGRITY: Prevents negative stock     Exp
[2026-05-09 10:30:40] INFO     [logger_config] Executing SQL statement #6: -- 6. Donors CREATE TABLE IF NOT EXISTS Donors (     Donor_ID SERIAL PRIMARY KEY,     Name TEXT NOT NULL,     Blood_Type TEXT NOT NULL CHECK(Blood_Type IN ('A+', 'A-', 'B+', 'B-', 'AB+', 'AB-', 'O+', 'O-')), -- 🚨 ENFORCED INTEGRITY: Standardizes medical inputs     Contact TEXT NOT NULL,     last_don
[2026-05-09 10:30:41] INFO     [logger_config] Executing SQL statement #7: -- 7. Blood Bank CREATE TABLE IF NOT EXISTS Blood_Bank (     blood_id SERIAL PRIMARY KEY,     hospital_id INTEGER NOT NULL,     blood_type TEXT NOT NULL CHECK(blood_type IN ('A+', 'A-', 'B+', 'B-', 'AB+', 'AB-', 'O+', 'O-')),     quantity_ml INTEGER NOT NULL CHECK(quantity_ml > 0),     received_date
[2026-05-09 10:30:41] INFO     [logger_config] Executing SQL statement #8: -- 8. Blood Donation Overrides CREATE TABLE IF NOT EXISTS Blood_Donations_Override (     override_id SERIAL PRIMARY KEY,     donor_id INTEGER NOT NULL,     staff_id INTEGER NOT NULL,     override_reason TEXT NOT NULL,     override_date TIMESTAMP DEFAULT CURRENT_TIMESTAMP,     FOREIGN KEY (donor_id) 
[2026-05-09 10:30:41] INFO     [logger_config] Executing SQL statement #9: -- 9. Donation Records CREATE TABLE IF NOT EXISTS Donation_Records (     Donation_ID SERIAL PRIMARY KEY,     Donor_ID INTEGER NOT NULL,     Hospital_ID INTEGER NOT NULL,     Date DATE NOT NULL,     Amount INTEGER NOT NULL CHECK (Amount > 0), -- 🚨 ENFORCED INTEGRITY: Prevents 0ml or negative donation
[2026-05-09 10:30:41] INFO     [logger_config] Executing SQL statement #10: -- 8. Transfer Requests CREATE TABLE IF NOT EXISTS Transfer_Requests (     Request_ID SERIAL PRIMARY KEY,     Origin_Hospital_ID INTEGER NOT NULL,     Dest_Hospital_ID INTEGER NOT NULL,     Item_ID INTEGER NOT NULL,     Quantity INTEGER NOT NULL CHECK (Quantity > 0),     CHECK (Origin_Hospital_ID !=
[2026-05-09 10:30:41] INFO     [logger_config] Executing SQL statement #11: -- 9. Transfer Status History CREATE TABLE IF NOT EXISTS Transfer_Status (     Status_ID SERIAL PRIMARY KEY,     Request_ID INTEGER,     Status TEXT NOT NULL CHECK(Status IN ('Pending', 'In Transit', 'Delivered', 'Cancelled')), -- 🚨 ENFORCED INTEGRITY: Strict logistics tracking     Timestamp TIMESTA
[2026-05-09 10:30:41] INFO     [logger_config] Executing SQL statement #12: -- 10. System Audit Logs CREATE TABLE IF NOT EXISTS Audit_Logs (     Log_ID SERIAL PRIMARY KEY,     Staff_ID TEXT,      Action TEXT NOT NULL,     Table_Affected TEXT,     Timestamp TIMESTAMP DEFAULT CURRENT_TIMESTAMP );
[2026-05-09 10:30:41] INFO     [logger_config] Executing SQL statement #13: -- ========================================== -- QUERY OPTIMIZATION: PERFORMANCE INDEXES -- ==========================================  -- Staff/Authentication lookups CREATE INDEX IF NOT EXISTS idx_staff_username ON Staff(Username);
[2026-05-09 10:30:42] INFO     [logger_config] Executing SQL statement #14: CREATE INDEX IF NOT EXISTS idx_staff_hospital ON Staff(Hospital_ID);
[2026-05-09 10:30:42] INFO     [logger_config] Executing SQL statement #15: CREATE INDEX IF NOT EXISTS idx_staff_role ON Staff(Role_ID);
[2026-05-09 10:30:42] INFO     [logger_config] Executing SQL statement #16: -- Audit Trail & Logging CREATE INDEX IF NOT EXISTS idx_audit_time ON Audit_Logs(Timestamp);
[2026-05-09 10:30:42] INFO     [logger_config] Executing SQL statement #17: CREATE INDEX IF NOT EXISTS idx_audit_staff ON Audit_Logs(Staff_ID);
[2026-05-09 10:30:42] INFO     [logger_config] Executing SQL statement #18: -- Transfer Management CREATE INDEX IF NOT EXISTS idx_transfer_req ON Transfer_Status(Request_ID);
[2026-05-09 10:30:42] INFO     [logger_config] Executing SQL statement #19: CREATE INDEX IF NOT EXISTS idx_transfer_status ON Transfer_Status(Status);
[2026-05-09 10:30:42] INFO     [logger_config] Executing SQL statement #20: CREATE INDEX IF NOT EXISTS idx_transfer_timestamp ON Transfer_Status(Timestamp);
[2026-05-09 10:30:43] INFO     [logger_config] Executing SQL statement #21: CREATE INDEX IF NOT EXISTS idx_transfer_origin ON Transfer_Requests(Origin_Hospital_ID);
[2026-05-09 10:30:43] INFO     [logger_config] Executing SQL statement #22: CREATE INDEX IF NOT EXISTS idx_transfer_dest ON Transfer_Requests(Dest_Hospital_ID);
[2026-05-09 10:30:43] INFO     [logger_config] Executing SQL statement #23: -- Hospital Inventory lookups CREATE INDEX IF NOT EXISTS idx_hosp_inventory ON Hospital_Inventory(Hospital_ID, Item_ID);
[2026-05-09 10:30:43] INFO     [logger_config] Executing SQL statement #24: CREATE INDEX IF NOT EXISTS idx_hosp_expiry ON Hospital_Inventory(Expiry_Date);
[2026-05-09 10:30:43] INFO     [logger_config] Executing SQL statement #25: CREATE INDEX IF NOT EXISTS idx_inventory_item ON Hospital_Inventory(Item_ID);
[2026-05-09 10:30:43] INFO     [logger_config] Executing SQL statement #26: -- Blood Bank CREATE INDEX IF NOT EXISTS idx_blood_hospital ON Blood_Bank(hospital_id);
[2026-05-09 10:30:43] INFO     [logger_config] Executing SQL statement #27: CREATE INDEX IF NOT EXISTS idx_blood_type ON Blood_Bank(blood_type);
[2026-05-09 10:30:44] INFO     [logger_config] Executing SQL statement #28: CREATE INDEX IF NOT EXISTS idx_blood_expiry ON Blood_Bank(expiry_date);
[2026-05-09 10:30:44] INFO     [logger_config] Executing SQL statement #29: CREATE INDEX IF NOT EXISTS idx_blood_status ON Blood_Bank(status);
[2026-05-09 10:30:44] INFO     [logger_config] Executing SQL statement #30: CREATE INDEX IF NOT EXISTS idx_blood_hosp_type ON Blood_Bank(hospital_id, blood_type);
[2026-05-09 10:30:44] INFO     [logger_config] Executing SQL statement #31: -- Donor & Donation Records CREATE INDEX IF NOT EXISTS idx_donation_donor ON Donation_Records(Donor_ID);
[2026-05-09 10:30:44] INFO     [logger_config] Executing SQL statement #32: CREATE INDEX IF NOT EXISTS idx_donation_hosp ON Donation_Records(Hospital_ID);
[2026-05-09 10:30:44] INFO     [logger_config] Executing SQL statement #33: CREATE INDEX IF NOT EXISTS idx_donation_date ON Donation_Records(Date);
[2026-05-09 10:30:45] INFO     [logger_config] Executing SQL statement #34: CREATE INDEX IF NOT EXISTS idx_donor_blood ON Donors(Blood_Type);
[2026-05-09 10:30:45] INFO     [logger_config] Skipping comment-only statement #35
[2026-05-09 10:30:45] INFO     [logger_config] Existing public tables after schema.sql: ['audit_logs', 'blood_bank', 'blood_donations_override', 'donation_records', 'donors', 'hospital_inventory', 'hospitals', 'inventory_items', 'roles', 'staff', 'transfer_requests', 'transfer_status']
[2026-05-09 10:30:45] INFO     [logger_config] Applying SQL file: blood_bank_setup.sql (12 statements)
[2026-05-09 10:30:46] INFO     [logger_config] Existing public tables before blood_bank_setup.sql: ['audit_logs', 'blood_bank', 'blood_donations_override', 'donation_records', 'donors', 'hospital_inventory', 'hospitals', 'inventory_items', 'roles', 'staff', 'transfer_requests', 'transfer_status']
[2026-05-09 10:30:46] INFO     [logger_config] Executing SQL statement #1: -- ========================================== -- BLOOD BANK MODULE SCHEMA EXTENSIONS -- Applied to support blood-specific inventory and donor eligibility -- ==========================================  -- 1. ADD COLUMN to Donors Table (backward compatible - nullable) -- This tracks last donation date
[2026-05-09 10:30:46] INFO     [logger_config] Executing SQL statement #2: -- 2. CREATE Blood_Bank Table (dedicated blood inventory) -- Separate from general inventory_items for specialized blood handling -- Enforces blood type validation and expiration tracking CREATE TABLE IF NOT EXISTS Blood_Bank (     blood_id SERIAL PRIMARY KEY,     hospital_id INTEGER NOT NULL,     b
[2026-05-09 10:30:46] INFO     [logger_config] Executing SQL statement #3: -- 3. CREATE Table for Emergency Overrides (audit trail) -- Logs all emergency donation eligibility overrides for compliance CREATE TABLE IF NOT EXISTS Blood_Donations_Override (     override_id SERIAL PRIMARY KEY,     donor_id INTEGER NOT NULL,     staff_id INTEGER NOT NULL,     override_reason TEX
[2026-05-09 10:30:46] INFO     [logger_config] Executing SQL statement #4: -- ========================================== -- PERFORMANCE INDEXES -- ==========================================  -- Blood Bank queries CREATE INDEX IF NOT EXISTS idx_blood_hospital ON Blood_Bank(hospital_id);
[2026-05-09 10:30:46] INFO     [logger_config] Executing SQL statement #5: CREATE INDEX IF NOT EXISTS idx_blood_type ON Blood_Bank(blood_type);
[2026-05-09 10:30:46] INFO     [logger_config] Executing SQL statement #6: CREATE INDEX IF NOT EXISTS idx_blood_expiry ON Blood_Bank(expiry_date);
[2026-05-09 10:30:47] INFO     [logger_config] Executing SQL statement #7: CREATE INDEX IF NOT EXISTS idx_blood_status ON Blood_Bank(status);
[2026-05-09 10:30:47] INFO     [logger_config] Executing SQL statement #8: CREATE INDEX IF NOT EXISTS idx_blood_hosp_type ON Blood_Bank(hospital_id, blood_type);
[2026-05-09 10:30:47] INFO     [logger_config] Executing SQL statement #9: -- Donor eligibility queries CREATE INDEX IF NOT EXISTS idx_donor_last_donation ON Donors(last_donation_date);
[2026-05-09 10:30:47] INFO     [logger_config] Executing SQL statement #10: -- Override audit trail CREATE INDEX IF NOT EXISTS idx_override_donor ON Blood_Donations_Override(donor_id);
[2026-05-09 10:30:47] INFO     [logger_config] Executing SQL statement #11: CREATE INDEX IF NOT EXISTS idx_override_staff ON Blood_Donations_Override(staff_id);
[2026-05-09 10:30:47] INFO     [logger_config] Executing SQL statement #12: CREATE INDEX IF NOT EXISTS idx_override_date ON Blood_Donations_Override(override_date);
[2026-05-09 10:30:48] INFO     [logger_config] Existing public tables after blood_bank_setup.sql: ['audit_logs', 'blood_bank', 'blood_donations_override', 'donation_records', 'donors', 'hospital_inventory', 'hospitals', 'inventory_items', 'roles', 'staff', 'transfer_requests', 'transfer_status']
[2026-05-09 10:30:48] INFO     [logger_config] Existing public tables at verify: ['audit_logs', 'blood_bank', 'blood_donations_override', 'donation_records', 'donors', 'hospital_inventory', 'hospitals', 'inventory_items', 'roles', 'staff', 'transfer_requests', 'transfer_status']
[2026-05-09 10:32:06] INFO     [logger_config] Database initialized: POSTGRESQL
[2026-05-09 10:32:09] INFO     [logger_config] Applying SQL file: schema.sql (35 statements)
[2026-05-09 10:32:09] INFO     [logger_config] Existing public tables before schema.sql: ['audit_logs', 'blood_bank', 'blood_donations_override', 'donation_records', 'donors', 'hospital_inventory', 'hospitals', 'inventory_items', 'roles', 'staff', 'transfer_requests', 'transfer_status']
[2026-05-09 10:32:09] INFO     [logger_config] Executing SQL statement #1: -- ========================================== -- VITALFLOW: MASTER DATABASE SCHEMA -- ==========================================  -- 1. Roles CREATE TABLE IF NOT EXISTS Roles (     Role_ID SERIAL PRIMARY KEY,     Role_Name TEXT NOT NULL );
[2026-05-09 10:32:09] INFO     [logger_config] Executing SQL statement #2: -- 2. Hospitals CREATE TABLE IF NOT EXISTS Hospitals (     Hospital_ID SERIAL PRIMARY KEY,     Name TEXT NOT NULL,     Location TEXT NOT NULL,     Contact TEXT NOT NULL );
[2026-05-09 10:32:09] INFO     [logger_config] Executing SQL statement #3: -- 3. Staff (Users) CREATE TABLE IF NOT EXISTS Staff (     Staff_ID SERIAL PRIMARY KEY,     Username TEXT UNIQUE NOT NULL,     Password TEXT NOT NULL,     Role_ID INTEGER NOT NULL,     Hospital_ID INTEGER,     Created_At TIMESTAMP DEFAULT CURRENT_TIMESTAMP,     Created_By TEXT,     FOREIGN KEY (Role
[2026-05-09 10:32:09] INFO     [logger_config] Executing SQL statement #4: -- 4. Inventory Items (Global Catalog) CREATE TABLE IF NOT EXISTS Inventory_Items (     Item_ID SERIAL PRIMARY KEY,     Item_Name TEXT NOT NULL,     Category TEXT NOT NULL,     Unit_Type TEXT NOT NULL );
[2026-05-09 10:32:09] INFO     [logger_config] Executing SQL statement #5: -- 5. Hospital Inventory (Physical Stock) CREATE TABLE IF NOT EXISTS Hospital_Inventory (     Inventory_ID SERIAL PRIMARY KEY,     Hospital_ID INTEGER NOT NULL,     Item_ID INTEGER NOT NULL,     Quantity INTEGER NOT NULL CHECK (Quantity >= 0), -- 🚨 ENFORCED INTEGRITY: Prevents negative stock     Exp
[2026-05-09 10:32:10] INFO     [logger_config] Executing SQL statement #6: -- 6. Donors CREATE TABLE IF NOT EXISTS Donors (     Donor_ID SERIAL PRIMARY KEY,     Name TEXT NOT NULL,     Blood_Type TEXT NOT NULL CHECK(Blood_Type IN ('A+', 'A-', 'B+', 'B-', 'AB+', 'AB-', 'O+', 'O-')), -- 🚨 ENFORCED INTEGRITY: Standardizes medical inputs     Contact TEXT NOT NULL,     last_don
[2026-05-09 10:32:10] INFO     [logger_config] Executing SQL statement #7: -- 7. Blood Bank CREATE TABLE IF NOT EXISTS Blood_Bank (     blood_id SERIAL PRIMARY KEY,     hospital_id INTEGER NOT NULL,     blood_type TEXT NOT NULL CHECK(blood_type IN ('A+', 'A-', 'B+', 'B-', 'AB+', 'AB-', 'O+', 'O-')),     quantity_ml INTEGER NOT NULL CHECK(quantity_ml > 0),     received_date
[2026-05-09 10:32:10] INFO     [logger_config] Executing SQL statement #8: -- 8. Blood Donation Overrides CREATE TABLE IF NOT EXISTS Blood_Donations_Override (     override_id SERIAL PRIMARY KEY,     donor_id INTEGER NOT NULL,     staff_id INTEGER NOT NULL,     override_reason TEXT NOT NULL,     override_date TIMESTAMP DEFAULT CURRENT_TIMESTAMP,     FOREIGN KEY (donor_id) 
[2026-05-09 10:32:10] INFO     [logger_config] Executing SQL statement #9: -- 9. Donation Records CREATE TABLE IF NOT EXISTS Donation_Records (     Donation_ID SERIAL PRIMARY KEY,     Donor_ID INTEGER NOT NULL,     Hospital_ID INTEGER NOT NULL,     Date DATE NOT NULL,     Amount INTEGER NOT NULL CHECK (Amount > 0), -- 🚨 ENFORCED INTEGRITY: Prevents 0ml or negative donation
[2026-05-09 10:32:10] INFO     [logger_config] Executing SQL statement #10: -- 8. Transfer Requests CREATE TABLE IF NOT EXISTS Transfer_Requests (     Request_ID SERIAL PRIMARY KEY,     Origin_Hospital_ID INTEGER NOT NULL,     Dest_Hospital_ID INTEGER NOT NULL,     Item_ID INTEGER NOT NULL,     Quantity INTEGER NOT NULL CHECK (Quantity > 0),     CHECK (Origin_Hospital_ID !=
[2026-05-09 10:32:10] INFO     [logger_config] Executing SQL statement #11: -- 9. Transfer Status History CREATE TABLE IF NOT EXISTS Transfer_Status (     Status_ID SERIAL PRIMARY KEY,     Request_ID INTEGER,     Status TEXT NOT NULL CHECK(Status IN ('Pending', 'In Transit', 'Delivered', 'Cancelled')), -- 🚨 ENFORCED INTEGRITY: Strict logistics tracking     Timestamp TIMESTA
[2026-05-09 10:32:10] INFO     [logger_config] Executing SQL statement #12: -- 10. System Audit Logs CREATE TABLE IF NOT EXISTS Audit_Logs (     Log_ID SERIAL PRIMARY KEY,     Staff_ID TEXT,      Action TEXT NOT NULL,     Table_Affected TEXT,     Timestamp TIMESTAMP DEFAULT CURRENT_TIMESTAMP );
[2026-05-09 10:32:11] INFO     [logger_config] Executing SQL statement #13: -- ========================================== -- QUERY OPTIMIZATION: PERFORMANCE INDEXES -- ==========================================  -- Staff/Authentication lookups CREATE INDEX IF NOT EXISTS idx_staff_username ON Staff(Username);
[2026-05-09 10:32:11] INFO     [logger_config] Executing SQL statement #14: CREATE INDEX IF NOT EXISTS idx_staff_hospital ON Staff(Hospital_ID);
[2026-05-09 10:32:11] INFO     [logger_config] Executing SQL statement #15: CREATE INDEX IF NOT EXISTS idx_staff_role ON Staff(Role_ID);
[2026-05-09 10:32:11] INFO     [logger_config] Executing SQL statement #16: -- Audit Trail & Logging CREATE INDEX IF NOT EXISTS idx_audit_time ON Audit_Logs(Timestamp);
[2026-05-09 10:32:11] INFO     [logger_config] Executing SQL statement #17: CREATE INDEX IF NOT EXISTS idx_audit_staff ON Audit_Logs(Staff_ID);
[2026-05-09 10:32:11] INFO     [logger_config] Executing SQL statement #18: -- Transfer Management CREATE INDEX IF NOT EXISTS idx_transfer_req ON Transfer_Status(Request_ID);
[2026-05-09 10:32:12] INFO     [logger_config] Executing SQL statement #19: CREATE INDEX IF NOT EXISTS idx_transfer_status ON Transfer_Status(Status);
[2026-05-09 10:32:12] INFO     [logger_config] Executing SQL statement #20: CREATE INDEX IF NOT EXISTS idx_transfer_timestamp ON Transfer_Status(Timestamp);
[2026-05-09 10:32:12] INFO     [logger_config] Executing SQL statement #21: CREATE INDEX IF NOT EXISTS idx_transfer_origin ON Transfer_Requests(Origin_Hospital_ID);
[2026-05-09 10:32:12] INFO     [logger_config] Executing SQL statement #22: CREATE INDEX IF NOT EXISTS idx_transfer_dest ON Transfer_Requests(Dest_Hospital_ID);
[2026-05-09 10:32:12] INFO     [logger_config] Executing SQL statement #23: -- Hospital Inventory lookups CREATE INDEX IF NOT EXISTS idx_hosp_inventory ON Hospital_Inventory(Hospital_ID, Item_ID);
[2026-05-09 10:32:12] INFO     [logger_config] Executing SQL statement #24: CREATE INDEX IF NOT EXISTS idx_hosp_expiry ON Hospital_Inventory(Expiry_Date);
[2026-05-09 10:32:12] INFO     [logger_config] Executing SQL statement #25: CREATE INDEX IF NOT EXISTS idx_inventory_item ON Hospital_Inventory(Item_ID);
[2026-05-09 10:32:13] INFO     [logger_config] Executing SQL statement #26: -- Blood Bank CREATE INDEX IF NOT EXISTS idx_blood_hospital ON Blood_Bank(hospital_id);
[2026-05-09 10:32:13] INFO     [logger_config] Executing SQL statement #27: CREATE INDEX IF NOT EXISTS idx_blood_type ON Blood_Bank(blood_type);
[2026-05-09 10:32:13] INFO     [logger_config] Executing SQL statement #28: CREATE INDEX IF NOT EXISTS idx_blood_expiry ON Blood_Bank(expiry_date);
[2026-05-09 10:32:13] INFO     [logger_config] Executing SQL statement #29: CREATE INDEX IF NOT EXISTS idx_blood_status ON Blood_Bank(status);
[2026-05-09 10:32:13] INFO     [logger_config] Executing SQL statement #30: CREATE INDEX IF NOT EXISTS idx_blood_hosp_type ON Blood_Bank(hospital_id, blood_type);
[2026-05-09 10:32:13] INFO     [logger_config] Executing SQL statement #31: -- Donor & Donation Records CREATE INDEX IF NOT EXISTS idx_donation_donor ON Donation_Records(Donor_ID);
[2026-05-09 10:32:13] INFO     [logger_config] Executing SQL statement #32: CREATE INDEX IF NOT EXISTS idx_donation_hosp ON Donation_Records(Hospital_ID);
[2026-05-09 10:32:14] INFO     [logger_config] Executing SQL statement #33: CREATE INDEX IF NOT EXISTS idx_donation_date ON Donation_Records(Date);
[2026-05-09 10:32:14] INFO     [logger_config] Executing SQL statement #34: CREATE INDEX IF NOT EXISTS idx_donor_blood ON Donors(Blood_Type);
[2026-05-09 10:32:14] INFO     [logger_config] Skipping comment-only statement #35
[2026-05-09 10:32:14] INFO     [logger_config] Existing public tables after schema.sql: ['audit_logs', 'blood_bank', 'blood_donations_override', 'donation_records', 'donors', 'hospital_inventory', 'hospitals', 'inventory_items', 'roles', 'staff', 'transfer_requests', 'transfer_status']
[2026-05-09 10:32:15] INFO     [logger_config] Applying SQL file: blood_bank_setup.sql (12 statements)
[2026-05-09 10:32:15] INFO     [logger_config] Existing public tables before blood_bank_setup.sql: ['audit_logs', 'blood_bank', 'blood_donations_override', 'donation_records', 'donors', 'hospital_inventory', 'hospitals', 'inventory_items', 'roles', 'staff', 'transfer_requests', 'transfer_status']
[2026-05-09 10:32:15] INFO     [logger_config] Executing SQL statement #1: -- ========================================== -- BLOOD BANK MODULE SCHEMA EXTENSIONS -- Applied to support blood-specific inventory and donor eligibility -- ==========================================  -- 1. ADD COLUMN to Donors Table (backward compatible - nullable) -- This tracks last donation date
[2026-05-09 10:32:15] INFO     [logger_config] Executing SQL statement #2: -- 2. CREATE Blood_Bank Table (dedicated blood inventory) -- Separate from general inventory_items for specialized blood handling -- Enforces blood type validation and expiration tracking CREATE TABLE IF NOT EXISTS Blood_Bank (     blood_id SERIAL PRIMARY KEY,     hospital_id INTEGER NOT NULL,     b
[2026-05-09 10:32:15] INFO     [logger_config] Executing SQL statement #3: -- 3. CREATE Table for Emergency Overrides (audit trail) -- Logs all emergency donation eligibility overrides for compliance CREATE TABLE IF NOT EXISTS Blood_Donations_Override (     override_id SERIAL PRIMARY KEY,     donor_id INTEGER NOT NULL,     staff_id INTEGER NOT NULL,     override_reason TEX
[2026-05-09 10:32:15] INFO     [logger_config] Executing SQL statement #4: -- ========================================== -- PERFORMANCE INDEXES -- ==========================================  -- Blood Bank queries CREATE INDEX IF NOT EXISTS idx_blood_hospital ON Blood_Bank(hospital_id);
[2026-05-09 10:32:15] INFO     [logger_config] Executing SQL statement #5: CREATE INDEX IF NOT EXISTS idx_blood_type ON Blood_Bank(blood_type);
[2026-05-09 10:32:16] INFO     [logger_config] Executing SQL statement #6: CREATE INDEX IF NOT EXISTS idx_blood_expiry ON Blood_Bank(expiry_date);
[2026-05-09 10:32:16] INFO     [logger_config] Executing SQL statement #7: CREATE INDEX IF NOT EXISTS idx_blood_status ON Blood_Bank(status);
[2026-05-09 10:32:16] INFO     [logger_config] Executing SQL statement #8: CREATE INDEX IF NOT EXISTS idx_blood_hosp_type ON Blood_Bank(hospital_id, blood_type);
[2026-05-09 10:32:16] INFO     [logger_config] Executing SQL statement #9: -- Donor eligibility queries CREATE INDEX IF NOT EXISTS idx_donor_last_donation ON Donors(last_donation_date);
[2026-05-09 10:32:16] INFO     [logger_config] Executing SQL statement #10: -- Override audit trail CREATE INDEX IF NOT EXISTS idx_override_donor ON Blood_Donations_Override(donor_id);
[2026-05-09 10:32:16] INFO     [logger_config] Executing SQL statement #11: CREATE INDEX IF NOT EXISTS idx_override_staff ON Blood_Donations_Override(staff_id);
[2026-05-09 10:32:16] INFO     [logger_config] Executing SQL statement #12: CREATE INDEX IF NOT EXISTS idx_override_date ON Blood_Donations_Override(override_date);
[2026-05-09 10:32:17] INFO     [logger_config] Existing public tables after blood_bank_setup.sql: ['audit_logs', 'blood_bank', 'blood_donations_override', 'donation_records', 'donors', 'hospital_inventory', 'hospitals', 'inventory_items', 'roles', 'staff', 'transfer_requests', 'transfer_status']
[2026-05-09 10:34:49] INFO     [logger_config] Database initialized: POSTGRESQL
[2026-05-09 10:34:51] INFO     [logger_config] Applying SQL file: schema.sql (35 statements)
[2026-05-09 10:34:51] INFO     [logger_config] Existing public tables before schema.sql: ['audit_logs', 'blood_bank', 'blood_donations_override', 'donation_records', 'donors', 'hospital_inventory', 'hospitals', 'inventory_items', 'roles', 'staff', 'transfer_requests', 'transfer_status']
[2026-05-09 10:34:51] INFO     [logger_config] Executing SQL statement #1: -- ========================================== -- VITALFLOW: MASTER DATABASE SCHEMA -- ==========================================  -- 1. Roles CREATE TABLE IF NOT EXISTS Roles (     Role_ID SERIAL PRIMARY KEY,     Role_Name TEXT NOT NULL );
[2026-05-09 10:34:52] INFO     [logger_config] Executing SQL statement #2: -- 2. Hospitals CREATE TABLE IF NOT EXISTS Hospitals (     Hospital_ID SERIAL PRIMARY KEY,     Name TEXT NOT NULL,     Location TEXT NOT NULL,     Contact TEXT NOT NULL );
[2026-05-09 10:34:52] INFO     [logger_config] Executing SQL statement #3: -- 3. Staff (Users) CREATE TABLE IF NOT EXISTS Staff (     Staff_ID SERIAL PRIMARY KEY,     Username TEXT UNIQUE NOT NULL,     Password TEXT NOT NULL,     Role_ID INTEGER NOT NULL,     Hospital_ID INTEGER,     Created_At TIMESTAMP DEFAULT CURRENT_TIMESTAMP,     Created_By TEXT,     FOREIGN KEY (Role
[2026-05-09 10:34:52] INFO     [logger_config] Executing SQL statement #4: -- 4. Inventory Items (Global Catalog) CREATE TABLE IF NOT EXISTS Inventory_Items (     Item_ID SERIAL PRIMARY KEY,     Item_Name TEXT NOT NULL,     Category TEXT NOT NULL,     Unit_Type TEXT NOT NULL );
[2026-05-09 10:34:52] INFO     [logger_config] Executing SQL statement #5: -- 5. Hospital Inventory (Physical Stock) CREATE TABLE IF NOT EXISTS Hospital_Inventory (     Inventory_ID SERIAL PRIMARY KEY,     Hospital_ID INTEGER NOT NULL,     Item_ID INTEGER NOT NULL,     Quantity INTEGER NOT NULL CHECK (Quantity >= 0), -- 🚨 ENFORCED INTEGRITY: Prevents negative stock     Exp
[2026-05-09 10:34:52] INFO     [logger_config] Executing SQL statement #6: -- 6. Donors CREATE TABLE IF NOT EXISTS Donors (     Donor_ID SERIAL PRIMARY KEY,     Name TEXT NOT NULL,     Blood_Type TEXT NOT NULL CHECK(Blood_Type IN ('A+', 'A-', 'B+', 'B-', 'AB+', 'AB-', 'O+', 'O-')), -- 🚨 ENFORCED INTEGRITY: Standardizes medical inputs     Contact TEXT NOT NULL,     last_don
[2026-05-09 10:34:52] INFO     [logger_config] Executing SQL statement #7: -- 7. Blood Bank CREATE TABLE IF NOT EXISTS Blood_Bank (     blood_id SERIAL PRIMARY KEY,     hospital_id INTEGER NOT NULL,     blood_type TEXT NOT NULL CHECK(blood_type IN ('A+', 'A-', 'B+', 'B-', 'AB+', 'AB-', 'O+', 'O-')),     quantity_ml INTEGER NOT NULL CHECK(quantity_ml > 0),     received_date
[2026-05-09 10:34:52] INFO     [logger_config] Executing SQL statement #8: -- 8. Blood Donation Overrides CREATE TABLE IF NOT EXISTS Blood_Donations_Override (     override_id SERIAL PRIMARY KEY,     donor_id INTEGER NOT NULL,     staff_id INTEGER NOT NULL,     override_reason TEXT NOT NULL,     override_date TIMESTAMP DEFAULT CURRENT_TIMESTAMP,     FOREIGN KEY (donor_id) 
[2026-05-09 10:34:53] INFO     [logger_config] Executing SQL statement #9: -- 9. Donation Records CREATE TABLE IF NOT EXISTS Donation_Records (     Donation_ID SERIAL PRIMARY KEY,     Donor_ID INTEGER NOT NULL,     Hospital_ID INTEGER NOT NULL,     Date DATE NOT NULL,     Amount INTEGER NOT NULL CHECK (Amount > 0), -- 🚨 ENFORCED INTEGRITY: Prevents 0ml or negative donation
[2026-05-09 10:34:53] INFO     [logger_config] Executing SQL statement #10: -- 8. Transfer Requests CREATE TABLE IF NOT EXISTS Transfer_Requests (     Request_ID SERIAL PRIMARY KEY,     Origin_Hospital_ID INTEGER NOT NULL,     Dest_Hospital_ID INTEGER NOT NULL,     Item_ID INTEGER NOT NULL,     Quantity INTEGER NOT NULL CHECK (Quantity > 0),     CHECK (Origin_Hospital_ID !=
[2026-05-09 10:34:53] INFO     [logger_config] Executing SQL statement #11: -- 9. Transfer Status History CREATE TABLE IF NOT EXISTS Transfer_Status (     Status_ID SERIAL PRIMARY KEY,     Request_ID INTEGER,     Status TEXT NOT NULL CHECK(Status IN ('Pending', 'In Transit', 'Delivered', 'Cancelled')), -- 🚨 ENFORCED INTEGRITY: Strict logistics tracking     Timestamp TIMESTA
[2026-05-09 10:34:53] INFO     [logger_config] Executing SQL statement #12: -- 10. System Audit Logs CREATE TABLE IF NOT EXISTS Audit_Logs (     Log_ID SERIAL PRIMARY KEY,     Staff_ID TEXT,      Action TEXT NOT NULL,     Table_Affected TEXT,     Timestamp TIMESTAMP DEFAULT CURRENT_TIMESTAMP );
[2026-05-09 10:34:53] INFO     [logger_config] Executing SQL statement #13: -- ========================================== -- QUERY OPTIMIZATION: PERFORMANCE INDEXES -- ==========================================  -- Staff/Authentication lookups CREATE INDEX IF NOT EXISTS idx_staff_username ON Staff(Username);
[2026-05-09 10:34:53] INFO     [logger_config] Executing SQL statement #14: CREATE INDEX IF NOT EXISTS idx_staff_hospital ON Staff(Hospital_ID);
[2026-05-09 10:34:54] INFO     [logger_config] Executing SQL statement #15: CREATE INDEX IF NOT EXISTS idx_staff_role ON Staff(Role_ID);
[2026-05-09 10:34:54] INFO     [logger_config] Executing SQL statement #16: -- Audit Trail & Logging CREATE INDEX IF NOT EXISTS idx_audit_time ON Audit_Logs(Timestamp);
[2026-05-09 10:34:54] INFO     [logger_config] Executing SQL statement #17: CREATE INDEX IF NOT EXISTS idx_audit_staff ON Audit_Logs(Staff_ID);
[2026-05-09 10:34:54] INFO     [logger_config] Executing SQL statement #18: -- Transfer Management CREATE INDEX IF NOT EXISTS idx_transfer_req ON Transfer_Status(Request_ID);
[2026-05-09 10:34:54] INFO     [logger_config] Executing SQL statement #19: CREATE INDEX IF NOT EXISTS idx_transfer_status ON Transfer_Status(Status);
[2026-05-09 10:34:54] INFO     [logger_config] Executing SQL statement #20: CREATE INDEX IF NOT EXISTS idx_transfer_timestamp ON Transfer_Status(Timestamp);
[2026-05-09 10:34:54] INFO     [logger_config] Executing SQL statement #21: CREATE INDEX IF NOT EXISTS idx_transfer_origin ON Transfer_Requests(Origin_Hospital_ID);
[2026-05-09 10:34:55] INFO     [logger_config] Executing SQL statement #22: CREATE INDEX IF NOT EXISTS idx_transfer_dest ON Transfer_Requests(Dest_Hospital_ID);
[2026-05-09 10:34:55] INFO     [logger_config] Executing SQL statement #23: -- Hospital Inventory lookups CREATE INDEX IF NOT EXISTS idx_hosp_inventory ON Hospital_Inventory(Hospital_ID, Item_ID);
[2026-05-09 10:34:55] INFO     [logger_config] Executing SQL statement #24: CREATE INDEX IF NOT EXISTS idx_hosp_expiry ON Hospital_Inventory(Expiry_Date);
[2026-05-09 10:34:55] INFO     [logger_config] Executing SQL statement #25: CREATE INDEX IF NOT EXISTS idx_inventory_item ON Hospital_Inventory(Item_ID);
[2026-05-09 10:34:55] INFO     [logger_config] Executing SQL statement #26: -- Blood Bank CREATE INDEX IF NOT EXISTS idx_blood_hospital ON Blood_Bank(hospital_id);
[2026-05-09 10:34:55] INFO     [logger_config] Executing SQL statement #27: CREATE INDEX IF NOT EXISTS idx_blood_type ON Blood_Bank(blood_type);
[2026-05-09 10:34:55] INFO     [logger_config] Executing SQL statement #28: CREATE INDEX IF NOT EXISTS idx_blood_expiry ON Blood_Bank(expiry_date);
[2026-05-09 10:34:56] INFO     [logger_config] Executing SQL statement #29: CREATE INDEX IF NOT EXISTS idx_blood_status ON Blood_Bank(status);
[2026-05-09 10:34:56] INFO     [logger_config] Executing SQL statement #30: CREATE INDEX IF NOT EXISTS idx_blood_hosp_type ON Blood_Bank(hospital_id, blood_type);
[2026-05-09 10:34:56] INFO     [logger_config] Executing SQL statement #31: -- Donor & Donation Records CREATE INDEX IF NOT EXISTS idx_donation_donor ON Donation_Records(Donor_ID);
[2026-05-09 10:34:56] INFO     [logger_config] Executing SQL statement #32: CREATE INDEX IF NOT EXISTS idx_donation_hosp ON Donation_Records(Hospital_ID);
[2026-05-09 10:34:56] INFO     [logger_config] Executing SQL statement #33: CREATE INDEX IF NOT EXISTS idx_donation_date ON Donation_Records(Date);
[2026-05-09 10:34:56] INFO     [logger_config] Executing SQL statement #34: CREATE INDEX IF NOT EXISTS idx_donor_blood ON Donors(Blood_Type);
[2026-05-09 10:34:56] INFO     [logger_config] Skipping comment-only statement #35
[2026-05-09 10:34:57] INFO     [logger_config] Existing public tables after schema.sql: ['audit_logs', 'blood_bank', 'blood_donations_override', 'donation_records', 'donors', 'hospital_inventory', 'hospitals', 'inventory_items', 'roles', 'staff', 'transfer_requests', 'transfer_status']
[2026-05-09 10:34:57] INFO     [logger_config] Applying SQL file: blood_bank_setup.sql (12 statements)
[2026-05-09 10:34:58] INFO     [logger_config] Existing public tables before blood_bank_setup.sql: ['audit_logs', 'blood_bank', 'blood_donations_override', 'donation_records', 'donors', 'hospital_inventory', 'hospitals', 'inventory_items', 'roles', 'staff', 'transfer_requests', 'transfer_status']
[2026-05-09 10:34:58] INFO     [logger_config] Executing SQL statement #1: -- ========================================== -- BLOOD BANK MODULE SCHEMA EXTENSIONS -- Applied to support blood-specific inventory and donor eligibility -- ==========================================  -- 1. ADD COLUMN to Donors Table (backward compatible - nullable) -- This tracks last donation date
[2026-05-09 10:34:58] INFO     [logger_config] Executing SQL statement #2: -- 2. CREATE Blood_Bank Table (dedicated blood inventory) -- Separate from general inventory_items for specialized blood handling -- Enforces blood type validation and expiration tracking CREATE TABLE IF NOT EXISTS Blood_Bank (     blood_id SERIAL PRIMARY KEY,     hospital_id INTEGER NOT NULL,     b
[2026-05-09 10:34:58] INFO     [logger_config] Executing SQL statement #3: -- 3. CREATE Table for Emergency Overrides (audit trail) -- Logs all emergency donation eligibility overrides for compliance CREATE TABLE IF NOT EXISTS Blood_Donations_Override (     override_id SERIAL PRIMARY KEY,     donor_id INTEGER NOT NULL,     staff_id INTEGER NOT NULL,     override_reason TEX
[2026-05-09 10:34:58] INFO     [logger_config] Executing SQL statement #4: -- ========================================== -- PERFORMANCE INDEXES -- ==========================================  -- Blood Bank queries CREATE INDEX IF NOT EXISTS idx_blood_hospital ON Blood_Bank(hospital_id);
[2026-05-09 10:34:58] INFO     [logger_config] Executing SQL statement #5: CREATE INDEX IF NOT EXISTS idx_blood_type ON Blood_Bank(blood_type);
[2026-05-09 10:34:58] INFO     [logger_config] Executing SQL statement #6: CREATE INDEX IF NOT EXISTS idx_blood_expiry ON Blood_Bank(expiry_date);
[2026-05-09 10:34:58] INFO     [logger_config] Executing SQL statement #7: CREATE INDEX IF NOT EXISTS idx_blood_status ON Blood_Bank(status);
[2026-05-09 10:34:59] INFO     [logger_config] Executing SQL statement #8: CREATE INDEX IF NOT EXISTS idx_blood_hosp_type ON Blood_Bank(hospital_id, blood_type);
[2026-05-09 10:34:59] INFO     [logger_config] Executing SQL statement #9: -- Donor eligibility queries CREATE INDEX IF NOT EXISTS idx_donor_last_donation ON Donors(last_donation_date);
[2026-05-09 10:34:59] INFO     [logger_config] Executing SQL statement #10: -- Override audit trail CREATE INDEX IF NOT EXISTS idx_override_donor ON Blood_Donations_Override(donor_id);
[2026-05-09 10:34:59] INFO     [logger_config] Executing SQL statement #11: CREATE INDEX IF NOT EXISTS idx_override_staff ON Blood_Donations_Override(staff_id);
[2026-05-09 10:34:59] INFO     [logger_config] Executing SQL statement #12: CREATE INDEX IF NOT EXISTS idx_override_date ON Blood_Donations_Override(override_date);
[2026-05-09 10:35:00] INFO     [logger_config] Existing public tables after blood_bank_setup.sql: ['audit_logs', 'blood_bank', 'blood_donations_override', 'donation_records', 'donors', 'hospital_inventory', 'hospitals', 'inventory_items', 'roles', 'staff', 'transfer_requests', 'transfer_status']
[2026-05-09 10:35:01] INFO     [logger_config] Compatibility migrations applied
[2026-05-09 10:39:34] INFO     [logger_config] Database initialized: POSTGRESQL
[2026-05-09 10:39:38] INFO     [logger_config] Dropped existing VitalFlow tables for clean rebuild
[2026-05-09 10:39:39] INFO     [logger_config] Applying SQL file: schema.sql (35 statements)
[2026-05-09 10:39:39] INFO     [logger_config] Existing public tables before schema.sql: []
[2026-05-09 10:39:39] INFO     [logger_config] Executing SQL statement #1: -- ========================================== -- VITALFLOW: MASTER DATABASE SCHEMA -- ==========================================  -- 1. Roles CREATE TABLE IF NOT EXISTS Roles (     Role_ID SERIAL PRIMARY KEY,     Role_Name TEXT NOT NULL );
[2026-05-09 10:39:39] INFO     [logger_config] Executing SQL statement #2: -- 2. Hospitals CREATE TABLE IF NOT EXISTS Hospitals (     Hospital_ID SERIAL PRIMARY KEY,     Name TEXT NOT NULL,     Location TEXT NOT NULL,     Contact TEXT NOT NULL );
[2026-05-09 10:39:39] INFO     [logger_config] Executing SQL statement #3: -- 3. Staff (Users) CREATE TABLE IF NOT EXISTS Staff (     Staff_ID SERIAL PRIMARY KEY,     Username TEXT UNIQUE NOT NULL,     Password TEXT NOT NULL,     Role_ID INTEGER NOT NULL,     Hospital_ID INTEGER,     Created_At TIMESTAMP DEFAULT CURRENT_TIMESTAMP,     Created_By TEXT,     FOREIGN KEY (Role
[2026-05-09 10:39:39] INFO     [logger_config] Executing SQL statement #4: -- 4. Inventory Items (Global Catalog) CREATE TABLE IF NOT EXISTS Inventory_Items (     Item_ID SERIAL PRIMARY KEY,     Item_Name TEXT NOT NULL,     Category TEXT NOT NULL,     Unit_Type TEXT NOT NULL );
[2026-05-09 10:39:39] INFO     [logger_config] Executing SQL statement #5: -- 5. Hospital Inventory (Physical Stock) CREATE TABLE IF NOT EXISTS Hospital_Inventory (     Inventory_ID SERIAL PRIMARY KEY,     Hospital_ID INTEGER NOT NULL,     Item_ID INTEGER NOT NULL,     Quantity INTEGER NOT NULL CHECK (Quantity >= 0), -- 🚨 ENFORCED INTEGRITY: Prevents negative stock     Exp
[2026-05-09 10:39:40] INFO     [logger_config] Executing SQL statement #6: -- 6. Donors CREATE TABLE IF NOT EXISTS Donors (     Donor_ID SERIAL PRIMARY KEY,     Name TEXT NOT NULL,     Blood_Type TEXT NOT NULL CHECK(Blood_Type IN ('A+', 'A-', 'B+', 'B-', 'AB+', 'AB-', 'O+', 'O-')), -- 🚨 ENFORCED INTEGRITY: Standardizes medical inputs     Contact TEXT NOT NULL,     last_don
[2026-05-09 10:39:40] INFO     [logger_config] Executing SQL statement #7: -- 7. Blood Bank CREATE TABLE IF NOT EXISTS Blood_Bank (     blood_id SERIAL PRIMARY KEY,     hospital_id INTEGER NOT NULL,     blood_type TEXT NOT NULL CHECK(blood_type IN ('A+', 'A-', 'B+', 'B-', 'AB+', 'AB-', 'O+', 'O-')),     quantity_ml INTEGER NOT NULL CHECK(quantity_ml > 0),     received_date
[2026-05-09 10:39:40] INFO     [logger_config] Executing SQL statement #8: -- 8. Blood Donation Overrides CREATE TABLE IF NOT EXISTS Blood_Donations_Override (     override_id SERIAL PRIMARY KEY,     donor_id INTEGER NOT NULL,     staff_id INTEGER NOT NULL,     override_reason TEXT NOT NULL,     override_date TIMESTAMP DEFAULT CURRENT_TIMESTAMP,     FOREIGN KEY (donor_id) 
[2026-05-09 10:39:40] INFO     [logger_config] Executing SQL statement #9: -- 9. Donation Records CREATE TABLE IF NOT EXISTS Donation_Records (     Donation_ID SERIAL PRIMARY KEY,     Donor_ID INTEGER NOT NULL,     Hospital_ID INTEGER NOT NULL,     Date DATE NOT NULL,     Amount INTEGER NOT NULL CHECK (Amount > 0), -- 🚨 ENFORCED INTEGRITY: Prevents 0ml or negative donation
[2026-05-09 10:39:40] INFO     [logger_config] Executing SQL statement #10: -- 8. Transfer Requests CREATE TABLE IF NOT EXISTS Transfer_Requests (     Request_ID SERIAL PRIMARY KEY,     Origin_Hospital_ID INTEGER NOT NULL,     Dest_Hospital_ID INTEGER NOT NULL,     Item_ID INTEGER NOT NULL,     Quantity INTEGER NOT NULL CHECK (Quantity > 0),     CHECK (Origin_Hospital_ID !=
[2026-05-09 10:39:40] INFO     [logger_config] Executing SQL statement #11: -- 9. Transfer Status History CREATE TABLE IF NOT EXISTS Transfer_Status (     Status_ID SERIAL PRIMARY KEY,     Request_ID INTEGER,     Status TEXT NOT NULL CHECK(Status IN ('Pending', 'In Transit', 'Delivered', 'Cancelled')), -- 🚨 ENFORCED INTEGRITY: Strict logistics tracking     Timestamp TIMESTA
[2026-05-09 10:39:41] INFO     [logger_config] Executing SQL statement #12: -- 10. System Audit Logs CREATE TABLE IF NOT EXISTS Audit_Logs (     Log_ID SERIAL PRIMARY KEY,     Staff_ID TEXT,      Action TEXT NOT NULL,     Table_Affected TEXT,     Timestamp TIMESTAMP DEFAULT CURRENT_TIMESTAMP );
[2026-05-09 10:39:41] INFO     [logger_config] Executing SQL statement #13: -- ========================================== -- QUERY OPTIMIZATION: PERFORMANCE INDEXES -- ==========================================  -- Staff/Authentication lookups CREATE INDEX IF NOT EXISTS idx_staff_username ON Staff(Username);
[2026-05-09 10:39:41] INFO     [logger_config] Executing SQL statement #14: CREATE INDEX IF NOT EXISTS idx_staff_hospital ON Staff(Hospital_ID);
[2026-05-09 10:39:41] INFO     [logger_config] Executing SQL statement #15: CREATE INDEX IF NOT EXISTS idx_staff_role ON Staff(Role_ID);
[2026-05-09 10:39:41] INFO     [logger_config] Executing SQL statement #16: -- Audit Trail & Logging CREATE INDEX IF NOT EXISTS idx_audit_time ON Audit_Logs(Timestamp);
[2026-05-09 10:39:41] INFO     [logger_config] Executing SQL statement #17: CREATE INDEX IF NOT EXISTS idx_audit_staff ON Audit_Logs(Staff_ID);
[2026-05-09 10:39:41] INFO     [logger_config] Executing SQL statement #18: -- Transfer Management CREATE INDEX IF NOT EXISTS idx_transfer_req ON Transfer_Status(Request_ID);
[2026-05-09 10:39:42] INFO     [logger_config] Executing SQL statement #19: CREATE INDEX IF NOT EXISTS idx_transfer_status ON Transfer_Status(Status);
[2026-05-09 10:39:42] INFO     [logger_config] Executing SQL statement #20: CREATE INDEX IF NOT EXISTS idx_transfer_timestamp ON Transfer_Status(Timestamp);
[2026-05-09 10:39:42] INFO     [logger_config] Executing SQL statement #21: CREATE INDEX IF NOT EXISTS idx_transfer_origin ON Transfer_Requests(Origin_Hospital_ID);
[2026-05-09 10:39:42] INFO     [logger_config] Executing SQL statement #22: CREATE INDEX IF NOT EXISTS idx_transfer_dest ON Transfer_Requests(Dest_Hospital_ID);
[2026-05-09 10:39:42] INFO     [logger_config] Executing SQL statement #23: -- Hospital Inventory lookups CREATE INDEX IF NOT EXISTS idx_hosp_inventory ON Hospital_Inventory(Hospital_ID, Item_ID);
[2026-05-09 10:39:42] INFO     [logger_config] Executing SQL statement #24: CREATE INDEX IF NOT EXISTS idx_hosp_expiry ON Hospital_Inventory(Expiry_Date);
[2026-05-09 10:39:42] INFO     [logger_config] Executing SQL statement #25: CREATE INDEX IF NOT EXISTS idx_inventory_item ON Hospital_Inventory(Item_ID);
[2026-05-09 10:39:43] INFO     [logger_config] Executing SQL statement #26: -- Blood Bank CREATE INDEX IF NOT EXISTS idx_blood_hospital ON Blood_Bank(hospital_id);
[2026-05-09 10:39:43] INFO     [logger_config] Executing SQL statement #27: CREATE INDEX IF NOT EXISTS idx_blood_type ON Blood_Bank(blood_type);
[2026-05-09 10:39:43] INFO     [logger_config] Executing SQL statement #28: CREATE INDEX IF NOT EXISTS idx_blood_expiry ON Blood_Bank(expiry_date);
[2026-05-09 10:39:43] INFO     [logger_config] Executing SQL statement #29: CREATE INDEX IF NOT EXISTS idx_blood_status ON Blood_Bank(status);
[2026-05-09 10:39:43] INFO     [logger_config] Executing SQL statement #30: CREATE INDEX IF NOT EXISTS idx_blood_hosp_type ON Blood_Bank(hospital_id, blood_type);
[2026-05-09 10:39:43] INFO     [logger_config] Executing SQL statement #31: -- Donor & Donation Records CREATE INDEX IF NOT EXISTS idx_donation_donor ON Donation_Records(Donor_ID);
[2026-05-09 10:39:43] INFO     [logger_config] Executing SQL statement #32: CREATE INDEX IF NOT EXISTS idx_donation_hosp ON Donation_Records(Hospital_ID);
[2026-05-09 10:39:44] INFO     [logger_config] Executing SQL statement #33: CREATE INDEX IF NOT EXISTS idx_donation_date ON Donation_Records(Date);
[2026-05-09 10:39:44] INFO     [logger_config] Executing SQL statement #34: CREATE INDEX IF NOT EXISTS idx_donor_blood ON Donors(Blood_Type);
[2026-05-09 10:39:44] INFO     [logger_config] Skipping comment-only statement #35
[2026-05-09 10:39:44] INFO     [logger_config] Existing public tables after schema.sql: ['audit_logs', 'blood_bank', 'blood_donations_override', 'donation_records', 'donors', 'hospital_inventory', 'hospitals', 'inventory_items', 'roles', 'staff', 'transfer_requests', 'transfer_status']
[2026-05-09 10:39:45] INFO     [logger_config] Applying SQL file: blood_bank_setup.sql (12 statements)
[2026-05-09 10:39:45] INFO     [logger_config] Existing public tables before blood_bank_setup.sql: ['audit_logs', 'blood_bank', 'blood_donations_override', 'donation_records', 'donors', 'hospital_inventory', 'hospitals', 'inventory_items', 'roles', 'staff', 'transfer_requests', 'transfer_status']
[2026-05-09 10:39:45] INFO     [logger_config] Executing SQL statement #1: -- ========================================== -- BLOOD BANK MODULE SCHEMA EXTENSIONS -- Applied to support blood-specific inventory and donor eligibility -- ==========================================  -- 1. ADD COLUMN to Donors Table (backward compatible - nullable) -- This tracks last donation date
[2026-05-09 10:39:45] INFO     [logger_config] Executing SQL statement #2: -- 2. CREATE Blood_Bank Table (dedicated blood inventory) -- Separate from general inventory_items for specialized blood handling -- Enforces blood type validation and expiration tracking CREATE TABLE IF NOT EXISTS Blood_Bank (     blood_id SERIAL PRIMARY KEY,     hospital_id INTEGER NOT NULL,     b
[2026-05-09 10:39:45] INFO     [logger_config] Executing SQL statement #3: -- 3. CREATE Table for Emergency Overrides (audit trail) -- Logs all emergency donation eligibility overrides for compliance CREATE TABLE IF NOT EXISTS Blood_Donations_Override (     override_id SERIAL PRIMARY KEY,     donor_id INTEGER NOT NULL,     staff_id INTEGER NOT NULL,     override_reason TEX
[2026-05-09 10:39:45] INFO     [logger_config] Executing SQL statement #4: -- ========================================== -- PERFORMANCE INDEXES -- ==========================================  -- Blood Bank queries CREATE INDEX IF NOT EXISTS idx_blood_hospital ON Blood_Bank(hospital_id);
[2026-05-09 10:39:46] INFO     [logger_config] Executing SQL statement #5: CREATE INDEX IF NOT EXISTS idx_blood_type ON Blood_Bank(blood_type);
[2026-05-09 10:39:46] INFO     [logger_config] Executing SQL statement #6: CREATE INDEX IF NOT EXISTS idx_blood_expiry ON Blood_Bank(expiry_date);
[2026-05-09 10:39:46] INFO     [logger_config] Executing SQL statement #7: CREATE INDEX IF NOT EXISTS idx_blood_status ON Blood_Bank(status);
[2026-05-09 10:39:46] INFO     [logger_config] Executing SQL statement #8: CREATE INDEX IF NOT EXISTS idx_blood_hosp_type ON Blood_Bank(hospital_id, blood_type);
[2026-05-09 10:39:46] INFO     [logger_config] Executing SQL statement #9: -- Donor eligibility queries CREATE INDEX IF NOT EXISTS idx_donor_last_donation ON Donors(last_donation_date);
[2026-05-09 10:39:46] INFO     [logger_config] Executing SQL statement #10: -- Override audit trail CREATE INDEX IF NOT EXISTS idx_override_donor ON Blood_Donations_Override(donor_id);
[2026-05-09 10:39:46] INFO     [logger_config] Executing SQL statement #11: CREATE INDEX IF NOT EXISTS idx_override_staff ON Blood_Donations_Override(staff_id);
[2026-05-09 10:39:47] INFO     [logger_config] Executing SQL statement #12: CREATE INDEX IF NOT EXISTS idx_override_date ON Blood_Donations_Override(override_date);
[2026-05-09 10:39:47] INFO     [logger_config] Existing public tables after blood_bank_setup.sql: ['audit_logs', 'blood_bank', 'blood_donations_override', 'donation_records', 'donors', 'hospital_inventory', 'hospitals', 'inventory_items', 'roles', 'staff', 'transfer_requests', 'transfer_status']
[2026-05-09 10:39:48] INFO     [logger_config] Compatibility migrations applied
[2026-05-09 10:40:32] INFO     [logger_config] Existing public tables at verify: ['audit_logs', 'blood_bank', 'blood_donations_override', 'donation_records', 'donors', 'hospital_inventory', 'hospitals', 'inventory_items', 'roles', 'staff', 'transfer_requests', 'transfer_status']
[2026-05-09 10:43:09] INFO     [logger_config] Database initialized: POSTGRESQL
[2026-05-09 10:43:38] INFO     [logger_config] DB[SELECT] Table(Staff) AffectedRows(1) User(asad_admin)
[2026-05-09 10:43:52] ERROR    [logger_config] Query execution failed: operator does not exist: integer = text
LINE 11: ...            LEFT JOIN audit_logs al ON s.staff_id = al.staff...
                                                              ^
HINT:  No operator matches the given name and argument types. You might need to add explicit type casts.

Query: 
                SELECT 
                    s.staff_id, s.username,
                    r.role_name as role,
          ...
[2026-05-09 10:43:58] INFO     [logger_config] DB[SELECT] Table(Staff) AffectedRows(1) User(asad_admin)
[2026-05-09 10:44:11] ERROR    [logger_config] Query execution failed: operator does not exist: integer = text
LINE 11: ...            LEFT JOIN audit_logs al ON s.staff_id = al.staff...
                                                              ^
HINT:  No operator matches the given name and argument types. You might need to add explicit type casts.

Query: 
                SELECT 
                    s.staff_id, s.username,
                    r.role_name as role,
          ...
[2026-05-09 10:48:16] INFO     [logger_config] DB[SELECT] Table(Staff) AffectedRows(1) User(dr_abdullah)
[2026-05-09 10:48:26] ERROR    [logger_config] Query execution failed: operator does not exist: integer = text
LINE 11: ...            LEFT JOIN audit_logs al ON s.staff_id = al.staff...
                                                              ^
HINT:  No operator matches the given name and argument types. You might need to add explicit type casts.

Query: 
                SELECT 
                    s.staff_id, s.username,
                    r.role_name as role,
          ...
[2026-05-09 10:49:20] INFO     [logger_config] Database initialized: POSTGRESQL
[2026-05-09 10:49:24] INFO     [logger_config] Dropped existing VitalFlow tables for clean rebuild
[2026-05-09 10:49:24] INFO     [logger_config] Applying SQL file: schema.sql (35 statements)
[2026-05-09 10:49:30] INFO     [logger_config] Applied SQL file: schema.sql (34 statements executed)
[2026-05-09 10:49:30] INFO     [logger_config] Applying SQL file: blood_bank_setup.sql (12 statements)
[2026-05-09 10:49:32] INFO     [logger_config] Applied SQL file: blood_bank_setup.sql (12 statements executed)
[2026-05-09 10:49:33] INFO     [logger_config] Compatibility migrations applied
[2026-05-09 10:50:20] INFO     [logger_config] Schema verification passed
[2026-05-09 10:50:45] INFO     [logger_config] Database initialized: POSTGRESQL
[2026-05-09 10:50:52] INFO     [logger_config] DB[SELECT] Table(Staff) AffectedRows(1) User(asad_admin)
[2026-05-09 10:50:53] INFO     [logger_config] DB[SELECT] Table(Staff) AffectedRows(1) User(asad_admin)
[2026-05-09 11:04:24] INFO     [logger_config] Database initialized: POSTGRESQL
[2026-05-09 11:13:23] INFO     [logger_config] Database initialized: POSTGRESQL
[2026-05-09 11:13:27] INFO     [logger_config] Dropped existing VitalFlow tables for clean rebuild
[2026-05-09 11:13:33] INFO     [logger_config] Applied SQL file: schema.sql (34 statements executed)
[2026-05-09 11:13:35] INFO     [logger_config] Applied SQL file: blood_bank_setup.sql (12 statements executed)
[2026-05-09 11:13:37] INFO     [logger_config] Compatibility migrations applied
[2026-05-09 11:14:22] INFO     [logger_config] Schema verification passed
[2026-05-09 11:15:05] INFO     [logger_config] Database initialized: POSTGRESQL
[2026-05-09 11:15:10] INFO     [logger_config] Dropped existing VitalFlow tables for clean rebuild
[2026-05-09 11:15:15] INFO     [logger_config] Applied SQL file: schema.sql (34 statements executed)
[2026-05-09 11:15:17] INFO     [logger_config] Applied SQL file: blood_bank_setup.sql (12 statements executed)
[2026-05-09 11:15:19] INFO     [logger_config] Compatibility migrations applied
[2026-05-09 11:16:05] INFO     [logger_config] Schema verification passed
[2026-05-09 11:36:30] INFO     [logger_config] Database initialized: POSTGRESQL
[2026-05-09 11:36:58] INFO     [logger_config] DB[SELECT] Table(Staff) AffectedRows(1) User(asad_admin)
[2026-05-09 11:36:59] INFO     [logger_config] DB[SELECT] Table(Staff) AffectedRows(1) User(asad_admin)
[2026-05-09 11:37:12] INFO     [logger_config] DB[SELECT] Table(Staff) AffectedRows(1) User(dr_abdullah)
[2026-05-09 11:37:57] INFO     [logger_config] DB[SELECT] Table(Staff) AffectedRows(1) User(asad_admin)
[2026-05-09 11:39:03] ERROR    [logger_config] Query execution failed: no results to fetch
Query: INSERT INTO hospitals (name, location, contact) VALUES (?, ?, ?)...
[2026-05-09 11:39:03] INFO     [logger_config] User(asad_admin) Action(CREATE_HOSPITAL) Resource(Test  Hospital) Result(SUCCESS)
[2026-05-09 11:39:03] INFO     [logger_config] Hospital added: Test  Hospital
[2026-05-09 11:39:25] ERROR    [logger_config] Query execution failed: no results to fetch
Query: INSERT INTO hospitals (name, location, contact) VALUES (?, ?, ?)...
[2026-05-09 11:39:25] INFO     [logger_config] User(asad_admin) Action(CREATE_HOSPITAL) Resource(Test  Hospital) Result(SUCCESS)
[2026-05-09 11:39:25] INFO     [logger_config] Hospital added: Test  Hospital
[2026-05-09 11:40:02] ERROR    [logger_config] Query execution failed: no results to fetch
Query: INSERT INTO hospitals (name, location, contact) VALUES (?, ?, ?)...
[2026-05-09 11:40:02] INFO     [logger_config] User(asad_admin) Action(CREATE_HOSPITAL) Resource(Test  Hospital 2) Result(SUCCESS)
[2026-05-09 11:40:02] INFO     [logger_config] Hospital added: Test  Hospital 2
[2026-05-09 11:40:36] INFO     [logger_config] DB[SELECT] Table(Staff) AffectedRows(1) User(asad_admin)
[2026-05-09 11:43:42] INFO     [logger_config] Database initialized: POSTGRESQL
[2026-05-09 11:43:49] INFO     [logger_config] DB[SELECT] Table(Staff) AffectedRows(1) User(asad_admin)
[2026-05-09 11:44:13] ERROR    [logger_config] Query execution failed: no results to fetch
Query: INSERT INTO hospitals (name, location, contact) VALUES (?, ?, ?)...
[2026-05-09 11:44:13] INFO     [logger_config] User(asad_admin) Action(CREATE_HOSPITAL) Resource(Test  Hospital) Result(SUCCESS)
[2026-05-09 11:44:13] INFO     [logger_config] Hospital added: Test  Hospital
[2026-05-09 11:44:28] ERROR    [logger_config] Query execution failed: no results to fetch
Query: INSERT INTO hospitals (name, location, contact) VALUES (?, ?, ?)...
[2026-05-09 11:44:28] INFO     [logger_config] User(asad_admin) Action(CREATE_HOSPITAL) Resource(Test  Hospital) Result(SUCCESS)
[2026-05-09 11:44:28] INFO     [logger_config] Hospital added: Test  Hospital
[2026-05-09 11:44:45] ERROR    [logger_config] Query execution failed: no results to fetch
Query: INSERT INTO hospitals (name, location, contact) VALUES (?, ?, ?)...
[2026-05-09 11:44:45] INFO     [logger_config] User(asad_admin) Action(CREATE_HOSPITAL) Resource(Test  Hospital) Result(SUCCESS)
[2026-05-09 11:44:45] INFO     [logger_config] Hospital added: Test  Hospital
[2026-05-09 11:45:02] ERROR    [logger_config] Query execution failed: no results to fetch
Query: INSERT INTO hospitals (name, location, contact) VALUES (?, ?, ?)...
[2026-05-09 11:45:02] INFO     [logger_config] User(asad_admin) Action(CREATE_HOSPITAL) Resource(Test  Hospital) Result(SUCCESS)
[2026-05-09 11:45:02] INFO     [logger_config] Hospital added: Test  Hospital
[2026-05-09 11:45:17] INFO     [logger_config] DB[SELECT] Table(Staff) AffectedRows(1) User(asad_admin)
[2026-05-09 11:46:38] INFO     [logger_config] DB[SELECT] Table(Staff) AffectedRows(1) User(asad_admin)
[2026-05-09 12:06:08] INFO     [logger_config] Database initialized: POSTGRESQL
[2026-05-09 12:15:34] INFO     [logger_config] Database initialized: POSTGRESQL
[2026-05-09 12:15:37] ERROR    [logger_config] Query execution failed: no results to fetch
Query: INSERT INTO hospitals (name, location, contact) VALUES (?, ?, ?)...
[2026-05-09 12:15:37] INFO     [logger_config] User(smoke_tester) Action(CREATE_HOSPITAL) Resource(Smoke Test Hospital) Result(SUCCESS)
[2026-05-09 12:15:37] INFO     [logger_config] Hospital added: Smoke Test Hospital
[2026-05-09 12:16:22] INFO     [logger_config] Database initialized: POSTGRESQL
[2026-05-09 12:16:25] INFO     [logger_config] User(smoke_tester) Action(CREATE_HOSPITAL) Resource(Smoke Test Hospital) Result(SUCCESS)
[2026-05-09 12:16:25] INFO     [logger_config] Hospital added: Smoke Test Hospital
[2026-05-09 12:16:26] INFO     [logger_config] User(smoke_tester) Action(DELETE_HOSPITAL) Resource(Hospital_17) Result(SUCCESS)
[2026-05-09 12:16:26] INFO     [logger_config] Hospital deleted: ID 17
[2026-05-09 12:17:21] INFO     [logger_config] Database initialized: POSTGRESQL
[2026-05-09 12:18:12] INFO     [logger_config] Database initialized: POSTGRESQL
[2026-05-09 12:21:15] INFO     [logger_config] Database initialized: POSTGRESQL
[2026-05-09 12:22:05] INFO     [logger_config] Database initialized: POSTGRESQL
[2026-05-09 13:00:58] INFO     [logger_config] Database initialized: POSTGRESQL
[2026-05-09 13:01:00] INFO     [logger_config] Database initialized: POSTGRESQL
[2026-05-09 13:06:13] INFO     [logger_config] Database initialized: POSTGRESQL
[2026-05-09 13:06:17] INFO     [logger_config] Database initialized: POSTGRESQL
[2026-05-09 13:07:01] INFO     [logger_config] DB[SELECT] Table(Staff) AffectedRows(1) User(asad_admin)
[2026-05-09 13:08:24] INFO     [logger_config] Database initialized: POSTGRESQL
[2026-05-09 13:08:32] INFO     [logger_config] DB[SELECT] Table(Staff) AffectedRows(1) User(asad_admin)
[2026-05-09 13:08:34] INFO     [logger_config] DB[SELECT] Table(Staff) AffectedRows(1) User(asad_admin)
[2026-05-09 13:08:53] INFO     [logger_config] DB[SELECT] Table(Staff) AffectedRows(1) User(dr_abdullah)
[2026-05-09 13:09:18] INFO     [logger_config] DB[SELECT] Table(Staff) AffectedRows(1) User(asad_admin)
[2026-05-09 13:14:21] INFO     [logger_config] Database initialized: POSTGRESQL
[2026-05-09 13:14:28] INFO     [logger_config] DB[SELECT] Table(Staff) AffectedRows(1) User(asad_admin)
[2026-05-09 13:19:11] INFO     [logger_config] Database initialized: POSTGRESQL
[2026-05-09 13:19:23] INFO     [logger_config] DB[SELECT] Table(Staff) AffectedRows(1) User(asad_admin)
[2026-05-09 13:25:08] INFO     [logger_config] Database initialized: POSTGRESQL
[2026-05-09 13:25:10] INFO     [logger_config] Database initialized: POSTGRESQL
[2026-05-09 13:25:15] INFO     [logger_config] Database initialized: POSTGRESQL
[2026-05-09 13:31:03] INFO     [logger_config] Database initialized: POSTGRESQL
[2026-05-09 14:13:40] INFO     [logger_config] Database initialized: POSTGRESQL
[2026-05-09 14:13:44] INFO     [logger_config] Dropped existing VitalFlow tables for clean rebuild
[2026-05-09 14:13:45] ERROR    [logger_config] Error applying SQL file schema.sql: relation "staff" does not exist

[2026-05-09 14:25:42] INFO     [logger_config] Database initialized: POSTGRESQL
[2026-05-09 14:25:47] INFO     [logger_config] Dropped existing VitalFlow tables for clean rebuild
[2026-05-09 14:25:47] ERROR    [logger_config] Error applying SQL file schema.sql: relation "staff" does not exist

[2026-05-09 14:29:55] INFO     [logger_config] Database initialized: POSTGRESQL
[2026-05-09 14:30:00] INFO     [logger_config] Dropped existing VitalFlow tables for clean rebuild
[2026-05-09 14:30:00] ERROR    [logger_config] Error applying SQL file schema.sql: relation "staff" does not exist

[2026-05-09 14:37:02] INFO     [logger_config] Database initialized: POSTGRESQL
[2026-05-09 14:37:06] INFO     [logger_config] Dropped existing VitalFlow tables for clean rebuild
[2026-05-09 14:37:07] INFO     [logger_config] Successfully applied schema.sql
[2026-05-09 14:37:09] INFO     [logger_config] Schema verification passed
[2026-05-09 14:38:29] INFO     [logger_config] Database initialized: POSTGRESQL
[2026-05-09 14:39:46] INFO     [logger_config] Database initialized: POSTGRESQL
[2026-05-09 14:39:54] INFO     [logger_config] DB[SELECT] Table(Staff) AffectedRows(1) User(asad_admin)
[2026-05-09 14:40:58] INFO     [logger_config] User(asad_admin) Action(CREATE_HOSPITAL) Resource(General Hospital) Result(SUCCESS)
[2026-05-09 14:40:58] INFO     [logger_config] Hospital added: General Hospital
[2026-05-09 14:41:56] INFO     [logger_config] User(asad_admin) Action(DELETE_HOSPITAL) Resource(Hospital_9) Result(SUCCESS)
[2026-05-09 14:41:56] INFO     [logger_config] Hospital deleted: ID 9
[2026-05-09 14:43:40] INFO     [logger_config] User(asad_admin) Action(CREATE_TRANSFER) Resource(From_H4_to_H1) Result(SUCCESS) Details(Item_8, Qty_1)
[2026-05-09 14:43:40] INFO     [logger_config] Transfer request created - From 4 to 1, Item 8, Qty 1
[2026-05-09 14:46:11] INFO     [logger_config] User(asad_admin) Action(CREATE_HOSPITAL) Resource(General Hospital) Result(SUCCESS)
[2026-05-09 14:46:11] INFO     [logger_config] Hospital added: General Hospital
[2026-05-09 14:50:43] INFO     [logger_config] DB[SELECT] Table(Staff) AffectedRows(1) User(asad_admin)
[2026-05-09 14:51:14] INFO     [logger_config] DB[SELECT] Table(Staff) AffectedRows(1) User(asad_admin)
[2026-05-09 18:07:16] INFO     [logger_config] Database initialized: POSTGRESQL
[2026-05-09 18:08:23] INFO     [logger_config] DB[SELECT] Table(Staff) AffectedRows(1) User(asad_admin)
[2026-05-13 20:54:21] INFO     [logger_config] Database initialized: POSTGRESQL
[2026-05-13 20:54:24] INFO     [logger_config] User(smoke_test) Action(CREATE_STAFF) Resource(smoketest_205421) Result(SUCCESS)
[2026-05-13 20:54:24] INFO     [logger_config] Staff member added: smoketest_205421
[2026-05-13 20:54:25] INFO     [logger_config] User(smoke_test) Action(ADD_BLOOD_STOCK) Resource(Hospital_1) Result(SUCCESS) Details(BloodType_O+, Qty_450ml, Expires_2026-06-24)
[2026-05-13 20:54:25] INFO     [logger_config] Blood stock added: O+ 450ml to Hospital 1
[2026-05-13 20:54:27] INFO     [logger_config] User(smoke_test) Action(CONSUME_BLOOD) Resource(BloodID_65) Result(SUCCESS) Details(BloodType_O+, Qty_100ml, Remaining_350ml)
[2026-05-13 20:54:27] INFO     [logger_config] Blood consumed: O+ 100ml from unit 65
[2026-05-13 20:54:27] INFO     [logger_config] User(smoke_test_cleanup) Action(DELETE_STAFF) Resource(Staff_5) Result(SUCCESS)
[2026-05-13 20:54:27] INFO     [logger_config] Staff member deleted: 5
[2026-05-13 22:34:53] INFO     [logger_config] Database initialized: POSTGRESQL
[2026-05-13 22:34:57] ERROR    [logger_config] Query execution failed: relation "blood_bank" does not exist
LINE 2:                 UPDATE Blood_Bank
                               ^

Query: 
                UPDATE Blood_Bank
                SET status = 'Expired'
                WHERE status = 'Active' AND ex...
[2026-05-13 22:34:57] WARNING  [logger_config] Failed to rollback transaction: 'NoneType' object has no attribute 'rollback'
[2026-05-13 22:34:58] ERROR    [logger_config] Query execution failed: relation "blood_bank" does not exist
LINE 1: SELECT COUNT(*) FROM Blood_Bank WHERE status = 'Active'
                             ^

Query: SELECT COUNT(*) FROM Blood_Bank WHERE status = 'Active'...
[2026-05-13 22:34:58] WARNING  [logger_config] Failed to rollback transaction: 'NoneType' object has no attribute 'rollback'
[2026-05-13 22:34:59] ERROR    [logger_config] Query execution failed: relation "blood_bank" does not exist
LINE 1: SELECT COUNT(*) FROM Blood_Bank WHERE status = 'Expired'
                             ^

Query: SELECT COUNT(*) FROM Blood_Bank WHERE status = 'Expired'...
[2026-05-13 22:34:59] WARNING  [logger_config] Failed to rollback transaction: 'NoneType' object has no attribute 'rollback'
[2026-05-13 22:35:09] ERROR    [logger_config] Query execution failed: relation "blood_bank" does not exist
LINE 2:                 UPDATE Blood_Bank
                               ^

Query: 
                UPDATE Blood_Bank
                SET status = 'Expired'
                WHERE status = 'Active' AND ex...
[2026-05-13 22:35:09] WARNING  [logger_config] Failed to rollback transaction: 'NoneType' object has no attribute 'rollback'
[2026-05-13 22:35:09] ERROR    [logger_config] Query execution failed: relation "blood_bank" does not exist
LINE 1: SELECT COUNT(*) FROM Blood_Bank WHERE status = 'Active'
                             ^

Query: SELECT COUNT(*) FROM Blood_Bank WHERE status = 'Active'...
[2026-05-13 22:35:09] WARNING  [logger_config] Failed to rollback transaction: 'NoneType' object has no attribute 'rollback'
[2026-05-13 22:35:10] ERROR    [logger_config] Query execution failed: relation "blood_bank" does not exist
LINE 1: SELECT COUNT(*) FROM Blood_Bank WHERE status = 'Expired'
                             ^

Query: SELECT COUNT(*) FROM Blood_Bank WHERE status = 'Expired'...
[2026-05-13 22:35:10] WARNING  [logger_config] Failed to rollback transaction: 'NoneType' object has no attribute 'rollback'
[2026-05-13 22:35:11] ERROR    [logger_config] Query execution failed: relation "staff" does not exist
LINE 1: ...id, username, password, role_id, hospital_id FROM Staff WHER...
                                                             ^

Query: SELECT staff_id, username, password, role_id, hospital_id FROM Staff WHERE username = ?...
[2026-05-13 22:35:11] WARNING  [logger_config] Failed to rollback transaction: 'NoneType' object has no attribute 'rollback'
[2026-05-13 22:35:11] WARNING  [logger_config] AccessAttempt User(asad_admin) Resource(LoginAttempt) Status(DENIED)
[2026-05-13 22:40:58] ERROR    [logger_config] Query execution failed: relation "blood_bank" does not exist
LINE 2:                 UPDATE Blood_Bank
                               ^

Query: 
                UPDATE Blood_Bank
                SET status = 'Expired'
                WHERE status = 'Active' AND ex...
[2026-05-13 22:40:58] WARNING  [logger_config] Failed to rollback transaction: 'NoneType' object has no attribute 'rollback'
[2026-05-13 22:40:58] ERROR    [logger_config] Query execution failed: relation "blood_bank" does not exist
LINE 1: SELECT COUNT(*) FROM Blood_Bank WHERE status = 'Active'
                             ^

Query: SELECT COUNT(*) FROM Blood_Bank WHERE status = 'Active'...
[2026-05-13 22:40:58] WARNING  [logger_config] Failed to rollback transaction: 'NoneType' object has no attribute 'rollback'
[2026-05-13 22:40:59] ERROR    [logger_config] Query execution failed: relation "blood_bank" does not exist
LINE 1: SELECT COUNT(*) FROM Blood_Bank WHERE status = 'Expired'
                             ^

Query: SELECT COUNT(*) FROM Blood_Bank WHERE status = 'Expired'...
[2026-05-13 22:40:59] WARNING  [logger_config] Failed to rollback transaction: 'NoneType' object has no attribute 'rollback'
[2026-05-13 22:41:00] WARNING  [logger_config] AccessAttempt User(asad_admin) Resource(LoginAttempt) Status(DENIED)
[2026-05-13 22:52:06] ERROR    [logger_config] Query execution failed: relation "blood_bank" does not exist
LINE 2:                 UPDATE Blood_Bank
                               ^

Query: 
                UPDATE Blood_Bank
                SET status = 'Expired'
                WHERE status = 'Active' AND ex...
[2026-05-13 22:52:06] WARNING  [logger_config] Failed to rollback transaction: 'NoneType' object has no attribute 'rollback'
[2026-05-13 22:52:07] ERROR    [logger_config] Query execution failed: relation "blood_bank" does not exist
LINE 1: SELECT COUNT(*) FROM Blood_Bank WHERE status = 'Active'
                             ^

Query: SELECT COUNT(*) FROM Blood_Bank WHERE status = 'Active'...
[2026-05-13 22:52:07] WARNING  [logger_config] Failed to rollback transaction: 'NoneType' object has no attribute 'rollback'
[2026-05-13 22:52:08] ERROR    [logger_config] Query execution failed: relation "blood_bank" does not exist
LINE 1: SELECT COUNT(*) FROM Blood_Bank WHERE status = 'Expired'
                             ^

Query: SELECT COUNT(*) FROM Blood_Bank WHERE status = 'Expired'...
[2026-05-13 22:52:08] WARNING  [logger_config] Failed to rollback transaction: 'NoneType' object has no attribute 'rollback'
[2026-05-13 22:52:26] ERROR    [logger_config] Query execution failed: relation "blood_bank" does not exist
LINE 2:                 UPDATE Blood_Bank
                               ^

Query: 
                UPDATE Blood_Bank
                SET status = 'Expired'
                WHERE status = 'Active' AND ex...
[2026-05-13 22:52:26] WARNING  [logger_config] Failed to rollback transaction: 'NoneType' object has no attribute 'rollback'
[2026-05-13 22:52:27] ERROR    [logger_config] Query execution failed: relation "blood_bank" does not exist
LINE 1: SELECT COUNT(*) FROM Blood_Bank WHERE status = 'Active'
                             ^

Query: SELECT COUNT(*) FROM Blood_Bank WHERE status = 'Active'...
[2026-05-13 22:52:27] WARNING  [logger_config] Failed to rollback transaction: 'NoneType' object has no attribute 'rollback'
[2026-05-13 22:52:27] ERROR    [logger_config] Query execution failed: relation "blood_bank" does not exist
LINE 1: SELECT COUNT(*) FROM Blood_Bank WHERE status = 'Expired'
                             ^

Query: SELECT COUNT(*) FROM Blood_Bank WHERE status = 'Expired'...
[2026-05-13 22:52:27] WARNING  [logger_config] Failed to rollback transaction: 'NoneType' object has no attribute 'rollback'
[2026-05-13 22:52:28] INFO     [logger_config] DB[SELECT] Table(Staff) AffectedRows(1) User(admin)
[2026-05-13 22:52:29] ERROR    [logger_config] Query execution failed: relation "blood_bank" does not exist
LINE 2:                 UPDATE Blood_Bank
                               ^

Query: 
                UPDATE Blood_Bank
                SET status = 'Expired'
                WHERE status = 'Active' AND ex...
[2026-05-13 22:52:29] WARNING  [logger_config] Failed to rollback transaction: 'NoneType' object has no attribute 'rollback'
[2026-05-13 22:52:30] ERROR    [logger_config] Query execution failed: relation "blood_bank" does not exist
LINE 1: SELECT COUNT(*) FROM Blood_Bank WHERE status = 'Active'
                             ^

Query: SELECT COUNT(*) FROM Blood_Bank WHERE status = 'Active'...
[2026-05-13 22:52:30] WARNING  [logger_config] Failed to rollback transaction: 'NoneType' object has no attribute 'rollback'
[2026-05-13 22:52:30] ERROR    [logger_config] Query execution failed: relation "blood_bank" does not exist
LINE 1: SELECT COUNT(*) FROM Blood_Bank WHERE status = 'Expired'
                             ^

Query: SELECT COUNT(*) FROM Blood_Bank WHERE status = 'Expired'...
[2026-05-13 22:52:30] WARNING  [logger_config] Failed to rollback transaction: 'NoneType' object has no attribute 'rollback'
[2026-05-13 22:52:32] ERROR    [logger_config] Query execution failed: relation "donors" does not exist
LINE 1: SELECT donor_id, name, blood_type, contact FROM Donors ORDER...
                                                        ^

Query: SELECT donor_id, name, blood_type, contact FROM Donors ORDER BY name...
[2026-05-13 22:52:32] WARNING  [logger_config] Failed to rollback transaction: 'NoneType' object has no attribute 'rollback'
[2026-05-13 22:52:32] ERROR    [logger_config] Query execution failed: relation "transfer_requests" does not exist
LINE 3:                 FROM transfer_requests
                             ^

Query: 
                SELECT request_id, origin_hospital_id, dest_hospital_id, item_id, quantity
                FROM transfe...
[2026-05-13 22:52:32] WARNING  [logger_config] Failed to rollback transaction: 'NoneType' object has no attribute 'rollback'
[2026-05-13 22:52:33] ERROR    [logger_config] Query execution failed: relation "audit_logs" does not exist
LINE 3:                 FROM audit_logs
                             ^

Query: 
                SELECT log_id, staff_id, action, table_affected, timestamp
                FROM audit_logs
            ...
[2026-05-13 22:52:33] WARNING  [logger_config] Failed to rollback transaction: 'NoneType' object has no attribute 'rollback'
[2026-05-13 22:52:34] ERROR    [logger_config] Query execution failed: relation "blood_bank" does not exist
LINE 9:                 FROM Blood_Bank
                             ^

Query: 
                SELECT 
                    blood_type,
                    COUNT(*) as unit_count,
                   ...
[2026-05-13 22:52:34] WARNING  [logger_config] Failed to rollback transaction: 'NoneType' object has no attribute 'rollback'
[2026-05-13 22:52:35] ERROR    [logger_config] Query execution failed: relation "inventory_items" does not exist
LINE 1: ...LECT item_id, item_name, category, unit_type FROM Inventory_...
                                                             ^

Query: SELECT item_id, item_name, category, unit_type FROM Inventory_Items ORDER BY item_name...
[2026-05-13 22:52:35] WARNING  [logger_config] Failed to rollback transaction: 'NoneType' object has no attribute 'rollback'
[2026-05-13 22:52:38] ERROR    [logger_config] Query execution failed: relation "donors" does not exist
LINE 1: SELECT donor_id, name, blood_type, contact FROM Donors ORDER...
                                                        ^

Query: SELECT donor_id, name, blood_type, contact FROM Donors ORDER BY name...
[2026-05-13 22:52:38] WARNING  [logger_config] Failed to rollback transaction: 'NoneType' object has no attribute 'rollback'
[2026-05-13 22:52:38] ERROR    [logger_config] Query execution failed: relation "blood_bank" does not exist
LINE 3:                 FROM Blood_Bank WHERE hospital_id = 1 AND st...
                             ^

Query: 
                SELECT blood_id, hospital_id, blood_type, quantity_ml, expiry_date, status
                FROM Blood_B...
[2026-05-13 22:52:38] WARNING  [logger_config] Failed to rollback transaction: 'NoneType' object has no attribute 'rollback'
[2026-05-13 22:52:39] ERROR    [logger_config] Query execution failed: relation "blood_bank" does not exist
LINE 9:                 FROM Blood_Bank
                             ^

Query: 
                SELECT 
                    blood_type,
                    COUNT(*) as unit_count,
                   ...
[2026-05-13 22:52:39] WARNING  [logger_config] Failed to rollback transaction: 'NoneType' object has no attribute 'rollback'
[2026-05-13 22:52:40] ERROR    [logger_config] Query execution failed: relation "donors" does not exist
LINE 7:                 FROM Donors
                             ^

Query: 
                SELECT 
                    donor_id,
                    name,
                    blood_type,
       ...
[2026-05-13 22:52:40] WARNING  [logger_config] Failed to rollback transaction: 'NoneType' object has no attribute 'rollback'
[2026-05-13 22:52:41] ERROR    [logger_config] Query execution failed: relation "donors" does not exist
LINE 1: SELECT donor_id, name, blood_type, contact FROM Donors ORDER...
                                                        ^

Query: SELECT donor_id, name, blood_type, contact FROM Donors ORDER BY name...
[2026-05-13 22:52:41] WARNING  [logger_config] Failed to rollback transaction: 'NoneType' object has no attribute 'rollback'
[2026-05-13 22:52:43] ERROR    [logger_config] Query execution failed: relation "inventory_items" does not exist
LINE 1: ...LECT item_id, item_name, category, unit_type FROM Inventory_...
                                                             ^

Query: SELECT item_id, item_name, category, unit_type FROM Inventory_Items ORDER BY item_name...
[2026-05-13 22:52:43] WARNING  [logger_config] Failed to rollback transaction: 'NoneType' object has no attribute 'rollback'
[2026-05-13 22:52:44] ERROR    [logger_config] Query execution failed: relation "transfer_requests" does not exist
LINE 3:                 FROM transfer_requests
                             ^

Query: 
                SELECT request_id, origin_hospital_id, dest_hospital_id, item_id, quantity
                FROM transfe...
[2026-05-13 22:52:44] WARNING  [logger_config] Failed to rollback transaction: 'NoneType' object has no attribute 'rollback'
[2026-05-13 22:52:45] ERROR    [logger_config] Query execution failed: relation "audit_logs" does not exist
LINE 3:                 FROM audit_logs
                             ^

Query: 
                SELECT log_id, staff_id, action, table_affected, timestamp
                FROM audit_logs
            ...
[2026-05-13 22:52:45] WARNING  [logger_config] Failed to rollback transaction: 'NoneType' object has no attribute 'rollback'
[2026-05-13 22:52:46] ERROR    [logger_config] Query execution failed: relation "audit_logs" does not exist
LINE 11:                 LEFT JOIN audit_logs al ON s.staff_id = al.s...
                                   ^

Query: 
                SELECT 
                    s.staff_id, s.username,
                    r.role_name as role,
          ...
[2026-05-13 22:52:46] WARNING  [logger_config] Failed to rollback transaction: 'NoneType' object has no attribute 'rollback'
[2026-05-13 22:52:47] ERROR    [logger_config] Query execution failed: relation "hospital_inventory" does not exist
LINE 9:                 FROM hospital_inventory hi
                             ^

Query: 
                SELECT
                    hi.inventory_id,
                    h.name as hospital_name,
              ...
[2026-05-13 22:52:47] WARNING  [logger_config] Failed to rollback transaction: 'NoneType' object has no attribute 'rollback'
[2026-05-13 22:52:48] ERROR    [logger_config] Query execution failed: relation "donors" does not exist
LINE 7:                 FROM donors d
                             ^

Query: 
                SELECT 
                    d.donor_id, d.name, d.blood_type,
                    COUNT(dr.donation_id)...
[2026-05-13 22:52:48] WARNING  [logger_config] Failed to rollback transaction: 'NoneType' object has no attribute 'rollback'
[2026-05-13 22:52:49] ERROR    [logger_config] Query execution failed: relation "transfer_status" does not exist
LINE 10:                 FROM transfer_status ts
                              ^

Query: 
                SELECT
                    ts.status_id,
                    h1.name as origin,
                    h2....
[2026-05-13 22:52:49] WARNING  [logger_config] Failed to rollback transaction: 'NoneType' object has no attribute 'rollback'
[2026-05-13 22:52:49] ERROR    [logger_config] Query execution failed: relation "audit_logs" does not exist
LINE 8:                 FROM audit_logs al
                             ^

Query: 
                SELECT 
                    al.log_id,
                    al.staff_id,
                    al.action,
...
[2026-05-13 22:52:49] WARNING  [logger_config] Failed to rollback transaction: 'NoneType' object has no attribute 'rollback'
[2026-05-13 22:52:50] ERROR    [logger_config] Query execution failed: relation "blood_bank" does not exist
LINE 9:                 FROM Blood_Bank
                             ^

Query: 
                SELECT 
                    blood_type,
                    COUNT(*) as unit_count,
                   ...
[2026-05-13 22:52:50] WARNING  [logger_config] Failed to rollback transaction: 'NoneType' object has no attribute 'rollback'
[2026-05-13 22:52:51] ERROR    [logger_config] Query execution failed: relation "transfer_requests" does not exist
LINE 10:                 FROM transfer_requests tr
                              ^

Query: 
                SELECT 
                    tr.request_id,
                    h1.name as origin_hospital,
            ...
[2026-05-13 22:52:51] WARNING  [logger_config] Failed to rollback transaction: 'NoneType' object has no attribute 'rollback'
[2026-05-13 23:02:38] INFO     [logger_config] DB[SELECT] Table(Staff) AffectedRows(1) User(admin)
